START TRANSACTION;

CREATE TABLE Students (
    Enrollment_Id BIGINT,
    First_Name VARCHAR(100) NOT NULL,
	Last_Name VARCHAR(100) NOT NULL,
    Phone_Number BIGINT,
    Email_Id VARCHAR(100),
	Branch VARCHAR(100) NOT NULL DEFAULT 'CSE(IoT)',
    Batch CHAR(4) NOT NULL,
	PRIMARY KEY(Enrollment_Id)
);

INSERT INTO Students(Enrollment_Id,First_Name,Last_Name,Phone_Number,Email_Id,Branch,Batch) VALUES
(12302110501001,'AARAV','SAROLIYA',NULL,NULL,'CSE(IoT)','1A11'),
(12302110501002,'AARAV','PARMAR',NULL,NULL,'CSE(IoT)','1A11'),
(12302110501003,'ADITYA','CHOTALIA',NULL,NULL,'CSE(IoT)','1A11'),
(12302110501004,'ANKIT','PALANI',NULL,NULL,'CSE(IoT)','1A11'),
(12302110501005,'DARSHIL','PATEL',NULL,NULL,'CSE(IoT)','1A11'),
(12302110501006,'DEVANSH','CHANPURA',NULL,NULL,'CSE(IoT)','1A11'),
(12302110501007,'DEVGIRI','GONSAI',NULL,NULL,'CSE(IoT)','1A11'),
(12302110501008,'DHRUV','MODI',NULL,NULL,'CSE(IoT)','1A11'),
(12302110501009,'DHRUV','PATEL',NULL,NULL,'CSE(IoT)','1A11'),
(12302110501010,'DHRUVIBEN','RADADIYA',NULL,NULL,'CSE(IoT)','1A11'),
(12302110501011,'DHRUVIN','KAKADIYA ',NULL,NULL,'CSE(IoT)','1A11'),
(12302110501012,'DHRUVISH','DHAMECHA',NULL,NULL,'CSE(IoT)','1A11'),
(12302110501013,'DHWANI','VYAS',NULL,NULL,'CSE(IoT)','1A11'),
(12302110501014,'DISHANT','PATEL',NULL,NULL,'CSE(IoT)','1A11'),
(12302110501015,'DWEEP','MAHYAVANSHI',NULL,NULL,'CSE(IoT)','1A11'),
(12302110501016,'HARSH','KATBA',NULL,NULL,'CSE(IoT)','1A11'),
(12302110501017,'HARSHRAJSINH','KATHVADIYA',NULL,NULL,'CSE(IoT)','1A11'),
(12302110501018,'HET','SANGHANI',NULL,NULL,'CSE(IoT)','1A11'),
(12302110501019,'HET','PATEL',NULL,NULL,'CSE(IoT)','1A11'),
(12302110501020,'HET','CHAPDIYA',NULL,NULL,'CSE(IoT)','1B11'),
(12302110501021,'HETKUMAR','PATEL',NULL,NULL,'CSE(IoT)','1B11'),
(12302110501022,'JASHKUMAR','BORAD',NULL,NULL,'CSE(IoT)','1B11'),
(12302110501023,'JASH','PATEL',NULL,NULL,'CSE(IoT)','1B11'),
(12302110501024,'JEET','KALATHIYA',NULL,NULL,'CSE(IoT)','1B11'),
(12302110501025,'JWALKUMAR','PATEL',NULL,NULL,'CSE(IoT)','1B11'),
(12302110501026,'KANISH','THAKKAR',NULL,NULL,'CSE(IoT)','1B11'),
(12302110501027,'KAVYA','TANDEL',NULL,NULL,'CSE(IoT)','1B11'),
(12302110501028,'KAVYA','PATEL',NULL,NULL,'CSE(IoT)','1B11'),
(12302110501029,'KIRTANSINH','SINDHA',NULL,NULL,'CSE(IoT)','1B11'),
(12302110501030,'KRISHIL','PATEL',NULL,NULL,'CSE(IoT)','1B11'),
(12302110501031,'KRUSHNA','HANSOTI',NULL,NULL,'CSE(IoT)','1B11'),
(12302110501032,'KUSH','PATEL',NULL,NULL,'CSE(IoT)','1B11'),
(12302110501033,'KUSH','TEJANI',NULL,NULL,'CSE(IoT)','1B11'),
(12302110501034,'MAITRI','PAREJIYA',NULL,NULL,'CSE(IoT)','1B11'),
(12302110501035,'MOHIT','BHATIA',NULL,NULL,'CSE(IoT)','1B11'),
(12302110501036,'MUFFADAL','HALAI',NULL,NULL,'CSE(IoT)','1B11'),
(12302110501037,'OM','SURYAWANSHI',NULL,NULL,'CSE(IoT)','1B11'),
(12302110501038,'OM','VASANI',NULL,NULL,'CSE(IoT)','1B11'),
(12302110501039,'PRAGNESHKUMAR','PARMAR',NULL,NULL,'CSE(IoT)','1C11'),
(12302110501040,'RISHIT','GOKANI',NULL,NULL,'CSE(IoT)','1C11'),
(12302110501041,'RUDRA','PATEL',NULL,NULL,'CSE(IoT)','1C11'),
(12302110501042,'RUDRA','BHADANI',NULL,NULL,'CSE(IoT)','1C11'),
(12302110501043,'RUDRAKSH','SHAH',NULL,NULL,'CSE(IoT)','1C11'),
(12302110501044,'RUTANG','PATEL',NULL,NULL,'CSE(IoT)','1C11'),
(12302110501045,'SANGITABEN','BHOI',NULL,NULL,'CSE(IoT)','1C11'),
(12302110501046,'SANVI','PATEL',NULL,NULL,'CSE(IoT)','1C11'),
(12302110501047,'SHREYA','DODIYA',NULL,NULL,'CSE(IoT)','1C11'),
(12302110501048,'SMITKUMAR','PATEL',NULL,NULL,'CSE(IoT)','1C11'),
(12302110501049,'SMIT','SAVANI',NULL,NULL,'CSE(IoT)','1C11'),
(12302110501050,'SNEH','PATEL',NULL,NULL,'CSE(IoT)','1C11'),
(12302110501051,'SUJAL','PATEL',NULL,NULL,'CSE(IoT)','1C11'),
(12302110501052,'TANVI','PANCHAL',NULL,NULL,'CSE(IoT)','1C11'),
(12302110501053,'TIRTH','RATANPARA',NULL,NULL,'CSE(IoT)','1C11'),
(12302110501054,'TISHABEN','PATEL',NULL,NULL,'CSE(IoT)','1C11'),
(12302110501055,'VEER','SHAH', 9825439633,'12302110501055@gcet.ac.in','CSE(IoT)','1C11'),
(12302110501056,'VIVEK','JOSHI',NULL,NULL,'CSE(IoT)','1C11'),
(12302110501057,'VRAJ','PATEL',NULL,NULL,'CSE(IoT)','1C11'),
(12302110501058,'VRAJESHKUMAR','KALIYA',NULL,NULL,'CSE(IoT)','1D11'),
(12302110501059,'YASH','ANDHARIYA',NULL,NULL,'CSE(IoT)','1D11'),
(12302110501060,'YASHVI','PATEL',NULL,NULL,'CSE(IoT)','1D11'),
(12302110501061,'YAXIT','DESAI',NULL,NULL,'CSE(IoT)','1D11'),
(12302110501062,'ZEEL','DHABHA',NULL,NULL,'CSE(IoT)','1D11'),
(12302110501063,'ZINAL','JAIN',NULL,NULL,'CSE(IoT)','1D11'),
(12302110501064,'ABHI','GABANI',NULL,NULL,'CSE(IoT)','1D11'),
(12302110501065,'ADITYA','SITAPARA',NULL,NULL,'CSE(IoT)','1D11'),
(12302110501066,'ARYAN','SABHADIYA',NULL,NULL,'CSE(IoT)','1D11'),
(12302110501067,'BHARGAVKUMAR','PATEL',NULL,NULL,'CSE(IoT)','1D11'),
(12302110501068,'DARSHAN','PATEL',NULL,NULL,'CSE(IoT)','1D11'),
(12302110501069,'GOVIND','KHANDELWAL',NULL,NULL,'CSE(IoT)','1D11'),
(12302110501070,'HARDEE','DESAI',NULL,NULL,'CSE(IoT)','1D11'),
(12302110501071,'KASHISH','PATEL',NULL,NULL,'CSE(IoT)','1D11'),
(12302110501072,'KAVYA','MEHTA',NULL,NULL,'CSE(IoT)','1D11'),
(12302110501073,'KHUSHI','PATEL',NULL,NULL,'CSE(IoT)','1D11'),
(12302110501074,'KIRTANKUMAR','BHOI',NULL,NULL,'CSE(IoT)','1D11'),
(12302110501075,'KRUNAL','KADTAN',NULL,NULL,'CSE(IoT)','1D11'),
(12302110501076,'MAHAMMADALMAZ','VAHORA',NULL,NULL,'CSE(IoT)','1D11'),
(12302110501077,'MANN','UPADHYAY',NULL,NULL,'CSE(IoT)','1E11'),
(12302110501078,'NEEL','UMRETIYA',NULL,NULL,'CSE(IoT)','1E11'),
(12302110501079,'NEVIL','MAKASANA',NULL,NULL,'CSE(IoT)','1E11'),
(12302110501080,'POOJAN','PATEL',NULL,NULL,'CSE(IoT)','1E11'),
(12302110501081,'SHREY','PATEL',NULL,NULL,'CSE(IoT)','1E11'),
(12302110501082,'SNEH','GABANI',NULL,NULL,'CSE(IoT)','1E11'),
(12302110501083,'SWASTIK','PANDYA',NULL,NULL,'CSE(IoT)','1E11'),
(12302110501084,'UTKARSH','PANDYA',NULL,NULL,'CSE(IoT)','1E11'),
(12302110501085,'VANSH','BHANUSHALUI',NULL,NULL,'CSE(IoT)','1E11'),
(12302110501086,'YASHVI','SIMEJIYA',NULL,NULL,'CSE(IoT)','1E11'),
(12302110501087,'MANAN','SHETH',NULL,NULL,'CSE(IoT)','1E11');

UPDATE Students
SET Phone_Number = FLOOR(RAND() * 9000000000) + 1000000000
WHERE Phone_Number IS NULL;

UPDATE Students
SET Email_id = CONCAT(LOWER(first_name),'.', LOWER(last_name),'@gmail.com')
WHERE Email_Id IS NULL;

CREATE TABLE Subjects(
	Subject_Id INT,
	Name VARCHAR(100) NOT NULL,
	Credits INT NOT NULL,
	Semester INT,
	PRIMARY KEY (Subject_Id)
);

INSERT INTO Subjects VALUES 
(202001206,'CONSTITUTION OF INDIA',0,1),
(202001208,'ENGINEERING GRAPHICS',2,1),
(202000104,'CALCULUS',4,1),
(202001213,'PHYSICS',4,1),
(202000110,'COMPUTER PROGRAMMING WITH C',4,1),
(202001207,'ENERGY AND ENVIRONMENT SCIENCE',3,1),

(202001202,'BASIC MECHANICAL ENGINEERING',4,2),
(202001215,'PROFESSIONAL COMMUNICATION',3,2),
(202001209,'ENGINEERING WORKSHOP',2,2),
(202001203,'BASICS OF ELECTRICAL AND ELECTRONICS ENGINEERING',4,2),
(202000212,'OBJECT ORIENTED PROGRAMMING',4,2),
(202000211,'LINEAR ALGEBRA, VECTOR CALCULUS AND ODE',4,2),
(000000000,'Liberal Arts',2,2),

(202000303,'Probability - Statistics and Numerical Methods',4,3),
(202003402,'Fundamentals of Economics and Business Management',3,3),
(202003403,'Indian Ethos and Value Education',0,3),
(202040301,'Data Structures',5,3),
(202040303,'Digital Fundamentals',4,3),
(202040302,'Database Management Systems',5,3),
(900009901,'Creativity, Problem Solving and Innovation',2,3),
(202180301,'Elements of Robotics and Kinematics of Robot',3,3),
(000000001,'Automotive Systems',3,3);

CREATE TABLE Subject_Type(
	Type_Id VARCHAR(5),
	Type VARCHAR(10),
	PRIMARY KEY (Type_Id)
);

INSERT INTO Subject_Type VALUES
('P','Practical'),
('T','Theory');

CREATE TABLE Results (
    ID INT AUTO_INCREMENT,
    Subject_Id INT,
    Enrollment_Id BIGINT,
    Exam_Category VARCHAR(25) NOT NULL,
    Marks INT NOT NULL,
    PRIMARY KEY(ID)
);

INSERT INTO Results (Subject_Id,Enrollment_Id,Exam_Category,Marks) VALUES
(202000303,12302110501001,'MidSem',17),
(202000303,12302110501002,'MidSem',20),
(202000303,12302110501003,'MidSem',20),
(202000303,12302110501004,'MidSem',14),
(202000303,12302110501005,'MidSem',19),
(202000303,12302110501006,'MidSem',15),
(202000303,12302110501007,'MidSem',20),
(202000303,12302110501008,'MidSem',13),
(202000303,12302110501009,'MidSem',16),
(202000303,12302110501010,'MidSem',20),
(202000303,12302110501011,'MidSem',20),
(202000303,12302110501012,'MidSem',17),
(202000303,12302110501013,'MidSem',20),
(202000303,12302110501014,'MidSem',19),
(202000303,12302110501015,'MidSem',0),
(202000303,12302110501016,'MidSem',18),
(202000303,12302110501017,'MidSem',17),
(202000303,12302110501018,'MidSem',19),
(202000303,12302110501019,'MidSem',18),
(202000303,12302110501020,'MidSem',17),
(202000303,12302110501021,'MidSem',19),
(202000303,12302110501022,'MidSem',19),
(202000303,12302110501023,'MidSem',20),
(202000303,12302110501024,'MidSem',17),
(202000303,12302110501025,'MidSem',19),
(202000303,12302110501026,'MidSem',18),
(202000303,12302110501027,'MidSem',19),
(202000303,12302110501028,'MidSem',19),
(202000303,12302110501029,'MidSem',17),
(202000303,12302110501030,'MidSem',16),
(202000303,12302110501031,'MidSem',20),
(202000303,12302110501032,'MidSem',15),
(202000303,12302110501033,'MidSem',20),
(202000303,12302110501034,'MidSem',14),
(202000303,12302110501035,'MidSem',20),
(202000303,12302110501036,'MidSem',0),
(202000303,12302110501037,'MidSem',19),
(202000303,12302110501039,'MidSem',19),
(202000303,12302110501040,'MidSem',19),
(202000303,12302110501041,'MidSem',18),
(202000303,12302110501042,'MidSem',19),
(202000303,12302110501043,'MidSem',20),
(202000303,12302110501044,'MidSem',19),
(202000303,12302110501045,'MidSem',19),
(202000303,12302110501046,'MidSem',20),
(202000303,12302110501047,'MidSem',20),
(202000303,12302110501048,'MidSem',20),
(202000303,12302110501049,'MidSem',0),
(202000303,12302110501050,'MidSem',18),
(202000303,12302110501051,'MidSem',20),
(202000303,12302110501052,'MidSem',19),
(202000303,12302110501053,'MidSem',20),
(202000303,12302110501054,'MidSem',19),
(202000303,12302110501055,'MidSem',19),
(202000303,12302110501056,'MidSem',18),
(202000303,12302110501057,'MidSem',20),
(202000303,12302110501058,'MidSem',20),
(202000303,12302110501059,'MidSem',19),
(202000303,12302110501060,'MidSem',17),
(202000303,12302110501061,'MidSem',15),
(202000303,12302110501062,'MidSem',19),
(202000303,12302110501063,'MidSem',16),
(202000303,12302110501064,'MidSem',14),
(202000303,12302110501065,'MidSem',18),
(202000303,12302110501066,'MidSem',20),
(202000303,12302110501067,'MidSem',18),
(202000303,12302110501068,'MidSem',14),
(202000303,12302110501069,'MidSem',0),
(202000303,12302110501070,'MidSem',19),
(202000303,12302110501071,'MidSem',14),
(202000303,12302110501072,'MidSem',17),
(202000303,12302110501073,'MidSem',14),
(202000303,12302110501074,'MidSem',18),
(202000303,12302110501075,'MidSem',20),
(202000303,12302110501076,'MidSem',0),
(202000303,12302110501077,'MidSem',11),
(202000303,12302110501078,'MidSem',18),
(202000303,12302110501079,'MidSem',11),
(202000303,12302110501080,'MidSem',20),
(202000303,12302110501081,'MidSem',17),
(202000303,12302110501082,'MidSem',18),
(202000303,12302110501083,'MidSem',16),
(202000303,12302110501084,'MidSem',14),
(202000303,12302110501085,'MidSem',13),
(202000303,12302110501086,'MidSem',16),
(202000303,12302110501087,'MidSem',11),
(202003402,12302110501001,'MidSem',16),
(202003402,12302110501002,'MidSem',16),
(202003402,12302110501003,'MidSem',16),
(202003402,12302110501004,'MidSem',13),
(202003402,12302110501005,'MidSem',16),
(202003402,12302110501006,'MidSem',19),
(202003402,12302110501007,'MidSem',13),
(202003402,12302110501008,'MidSem',14),
(202003402,12302110501009,'MidSem',18),
(202003402,12302110501010,'MidSem',19),
(202003402,12302110501011,'MidSem',19),
(202003402,12302110501012,'MidSem',15),
(202003402,12302110501013,'MidSem',16),
(202003402,12302110501014,'MidSem',17),
(202003402,12302110501015,'MidSem',0),
(202003402,12302110501016,'MidSem',15),
(202003402,12302110501017,'MidSem',19),
(202003402,12302110501018,'MidSem',17),
(202003402,12302110501019,'MidSem',16),
(202003402,12302110501020,'MidSem',18),
(202003402,12302110501021,'MidSem',15),
(202003402,12302110501022,'MidSem',19),
(202003402,12302110501023,'MidSem',16),
(202003402,12302110501024,'MidSem',18),
(202003402,12302110501025,'MidSem',18),
(202003402,12302110501026,'MidSem',15),
(202003402,12302110501027,'MidSem',11),
(202003402,12302110501028,'MidSem',19),
(202003402,12302110501029,'MidSem',12),
(202003402,12302110501030,'MidSem',17),
(202003402,12302110501031,'MidSem',17),
(202003402,12302110501032,'MidSem',15),
(202003402,12302110501033,'MidSem',0),
(202003402,12302110501034,'MidSem',13),
(202003402,12302110501035,'MidSem',15),
(202003402,12302110501036,'MidSem',0),
(202003402,12302110501037,'MidSem',19),
(202003402,12302110501039,'MidSem',15),
(202003402,12302110501040,'MidSem',16),
(202003402,12302110501041,'MidSem',15),
(202003402,12302110501042,'MidSem',17),
(202003402,12302110501043,'MidSem',18),
(202003402,12302110501044,'MidSem',18),
(202003402,12302110501045,'MidSem',16),
(202003402,12302110501046,'MidSem',19),
(202003402,12302110501047,'MidSem',20),
(202003402,12302110501048,'MidSem',13),
(202003402,12302110501049,'MidSem',0),
(202003402,12302110501050,'MidSem',14),
(202003402,12302110501051,'MidSem',19),
(202003402,12302110501052,'MidSem',19),
(202003402,12302110501053,'MidSem',17),
(202003402,12302110501054,'MidSem',16),
(202003402,12302110501055,'MidSem',17),
(202003402,12302110501056,'MidSem',20),
(202003402,12302110501057,'MidSem',19),
(202003402,12302110501058,'MidSem',17),
(202003402,12302110501059,'MidSem',13),
(202003402,12302110501060,'MidSem',19),
(202003402,12302110501061,'MidSem',13),
(202003402,12302110501062,'MidSem',19),
(202003402,12302110501063,'MidSem',18),
(202003402,12302110501064,'MidSem',13),
(202003402,12302110501065,'MidSem',15),
(202003402,12302110501066,'MidSem',16),
(202003402,12302110501067,'MidSem',16),
(202003402,12302110501068,'MidSem',0),
(202003402,12302110501069,'MidSem',0),
(202003402,12302110501070,'MidSem',17),
(202003402,12302110501071,'MidSem',11),
(202003402,12302110501072,'MidSem',17),
(202003402,12302110501073,'MidSem',0),
(202003402,12302110501074,'MidSem',14),
(202003402,12302110501075,'MidSem',17),
(202003402,12302110501076,'MidSem',0),
(202003402,12302110501077,'MidSem',0),
(202003402,12302110501078,'MidSem',15),
(202003402,12302110501079,'MidSem',10),
(202003402,12302110501080,'MidSem',19),
(202003402,12302110501081,'MidSem',13),
(202003402,12302110501082,'MidSem',17),
(202003402,12302110501083,'MidSem',16),
(202003402,12302110501084,'MidSem',15),
(202003402,12302110501085,'MidSem',15),
(202003402,12302110501086,'MidSem',18),
(202003402,12302110501087,'MidSem',0),
(202003403,12302110501001,'MidSem',1),
(202003403,12302110501002,'MidSem',1),
(202003403,12302110501003,'MidSem',1),
(202003403,12302110501004,'MidSem',1),
(202003403,12302110501005,'MidSem',1),
(202003403,12302110501006,'MidSem',9),
(202003403,12302110501007,'MidSem',0),
(202003403,12302110501008,'MidSem',9),
(202003403,12302110501009,'MidSem',9),
(202003403,12302110501010,'MidSem',1),
(202003403,12302110501011,'MidSem',1),
(202003403,12302110501012,'MidSem',1),
(202003403,12302110501013,'MidSem',1),
(202003403,12302110501014,'MidSem',1),
(202003403,12302110501015,'MidSem',9),
(202003403,12302110501016,'MidSem',1),
(202003403,12302110501017,'MidSem',1),
(202003403,12302110501018,'MidSem',1),
(202003403,12302110501019,'MidSem',1),
(202003403,12302110501020,'MidSem',1),
(202003403,12302110501021,'MidSem',9),
(202003403,12302110501022,'MidSem',1),
(202003403,12302110501023,'MidSem',1),
(202003403,12302110501024,'MidSem',1),
(202003403,12302110501025,'MidSem',9),
(202003403,12302110501026,'MidSem',9),
(202003403,12302110501027,'MidSem',9),
(202003403,12302110501028,'MidSem',1),
(202003403,12302110501029,'MidSem',9),
(202003403,12302110501030,'MidSem',1),
(202003403,12302110501031,'MidSem',1),
(202003403,12302110501032,'MidSem',1),
(202003403,12302110501033,'MidSem',0),
(202003403,12302110501034,'MidSem',9),
(202003403,12302110501035,'MidSem',9),
(202003403,12302110501036,'MidSem',1),
(202003403,12302110501037,'MidSem',1),
(202003403,12302110501039,'MidSem',1),
(202003403,12302110501040,'MidSem',9),
(202003403,12302110501041,'MidSem',1),
(202003403,12302110501042,'MidSem',9),
(202003403,12302110501043,'MidSem',9),
(202003403,12302110501044,'MidSem',1),
(202003403,12302110501045,'MidSem',1),
(202003403,12302110501046,'MidSem',1),
(202003403,12302110501047,'MidSem',1),
(202003403,12302110501048,'MidSem',9),
(202003403,12302110501049,'MidSem',0),
(202003403,12302110501050,'MidSem',1),
(202003403,12302110501051,'MidSem',1),
(202003403,12302110501052,'MidSem',1),
(202003403,12302110501053,'MidSem',1),
(202003403,12302110501054,'MidSem',1),
(202003403,12302110501055,'MidSem',1),
(202003403,12302110501056,'MidSem',1),
(202003403,12302110501057,'MidSem',1),
(202003403,12302110501058,'MidSem',1),
(202003403,12302110501059,'MidSem',9),
(202003403,12302110501060,'MidSem',1),
(202003403,12302110501061,'MidSem',9),
(202003403,12302110501062,'MidSem',9),
(202003403,12302110501063,'MidSem',9),
(202003403,12302110501064,'MidSem',8),
(202003403,12302110501065,'MidSem',0),
(202003403,12302110501066,'MidSem',9),
(202003403,12302110501067,'MidSem',1),
(202003403,12302110501068,'MidSem',1),
(202003403,12302110501069,'MidSem',0),
(202003403,12302110501070,'MidSem',1),
(202003403,12302110501071,'MidSem',1),
(202003403,12302110501072,'MidSem',1),
(202003403,12302110501073,'MidSem',9),
(202003403,12302110501074,'MidSem',8),
(202003403,12302110501075,'MidSem',9),
(202003403,12302110501076,'MidSem',0),
(202003403,12302110501077,'MidSem',9),
(202003403,12302110501078,'MidSem',1),
(202003403,12302110501079,'MidSem',9),
(202003403,12302110501080,'MidSem',1),
(202003403,12302110501081,'MidSem',1),
(202003403,12302110501082,'MidSem',1),
(202003403,12302110501083,'MidSem',1),
(202003403,12302110501084,'MidSem',9),
(202003403,12302110501085,'MidSem',9),
(202003403,12302110501086,'MidSem',0),
(202003403,12302110501087,'MidSem',9),
(202040301,12302110501001,'MidSem',14),
(202040301,12302110501002,'MidSem',19),
(202040301,12302110501003,'MidSem',18),
(202040301,12302110501004,'MidSem',11),
(202040301,12302110501005,'MidSem',20),
(202040301,12302110501006,'MidSem',13),
(202040301,12302110501007,'MidSem',12),
(202040301,12302110501008,'MidSem',7),
(202040301,12302110501009,'MidSem',15),
(202040301,12302110501010,'MidSem',20),
(202040301,12302110501011,'MidSem',14),
(202040301,12302110501012,'MidSem',20),
(202040301,12302110501013,'MidSem',19),
(202040301,12302110501014,'MidSem',17),
(202040301,12302110501015,'MidSem',0),
(202040301,12302110501016,'MidSem',10),
(202040301,12302110501017,'MidSem',18),
(202040301,12302110501018,'MidSem',19),
(202040301,12302110501019,'MidSem',12),
(202040301,12302110501020,'MidSem',14),
(202040301,12302110501021,'MidSem',19),
(202040301,12302110501022,'MidSem',18),
(202040301,12302110501023,'MidSem',15),
(202040301,12302110501024,'MidSem',14),
(202040301,12302110501025,'MidSem',15),
(202040301,12302110501026,'MidSem',10),
(202040301,12302110501027,'MidSem',9),
(202040301,12302110501028,'MidSem',19),
(202040301,12302110501029,'MidSem',12),
(202040301,12302110501030,'MidSem',7),
(202040301,12302110501031,'MidSem',15),
(202040301,12302110501032,'MidSem',14),
(202040301,12302110501033,'MidSem',15),
(202040301,12302110501034,'MidSem',16),
(202040301,12302110501035,'MidSem',17),
(202040301,12302110501036,'MidSem',17),
(202040301,12302110501037,'MidSem',17),
(202040301,12302110501039,'MidSem',14),
(202040301,12302110501040,'MidSem',14),
(202040301,12302110501041,'MidSem',15),
(202040301,12302110501042,'MidSem',20),
(202040301,12302110501043,'MidSem',12),
(202040301,12302110501044,'MidSem',17),
(202040301,12302110501045,'MidSem',18),
(202040301,12302110501046,'MidSem',19),
(202040301,12302110501047,'MidSem',19),
(202040301,12302110501048,'MidSem',17),
(202040301,12302110501049,'MidSem',0),
(202040301,12302110501050,'MidSem',14),
(202040301,12302110501051,'MidSem',19),
(202040301,12302110501052,'MidSem',19),
(202040301,12302110501053,'MidSem',14),
(202040301,12302110501054,'MidSem',14),
(202040301,12302110501055,'MidSem',14),
(202040301,12302110501056,'MidSem',13),
(202040301,12302110501057,'MidSem',20),
(202040301,12302110501058,'MidSem',15),
(202040301,12302110501059,'MidSem',14),
(202040301,12302110501060,'MidSem',12),
(202040301,12302110501061,'MidSem',16),
(202040301,12302110501062,'MidSem',16),
(202040301,12302110501063,'MidSem',15),
(202040301,12302110501064,'MidSem',7),
(202040301,12302110501065,'MidSem',14),
(202040301,12302110501066,'MidSem',17),
(202040301,12302110501067,'MidSem',17),
(202040301,12302110501068,'MidSem',6),
(202040301,12302110501069,'MidSem',0),
(202040301,12302110501070,'MidSem',11),
(202040301,12302110501071,'MidSem',14),
(202040301,12302110501072,'MidSem',17),
(202040301,12302110501073,'MidSem',8),
(202040301,12302110501074,'MidSem',14),
(202040301,12302110501075,'MidSem',18),
(202040301,12302110501076,'MidSem',0),
(202040301,12302110501077,'MidSem',9),
(202040301,12302110501078,'MidSem',13),
(202040301,12302110501079,'MidSem',8),
(202040301,12302110501080,'MidSem',20),
(202040301,12302110501081,'MidSem',5),
(202040301,12302110501082,'MidSem',11),
(202040301,12302110501083,'MidSem',13),
(202040301,12302110501084,'MidSem',7),
(202040301,12302110501085,'MidSem',11),
(202040301,12302110501086,'MidSem',14),
(202040301,12302110501087,'MidSem',0),
(202040303,12302110501001,'MidSem',12),
(202040303,12302110501002,'MidSem',20),
(202040303,12302110501003,'MidSem',11),
(202040303,12302110501004,'MidSem',18),
(202040303,12302110501005,'MidSem',16),
(202040303,12302110501006,'MidSem',15),
(202040303,12302110501007,'MidSem',16),
(202040303,12302110501008,'MidSem',4),
(202040303,12302110501009,'MidSem',20),
(202040303,12302110501010,'MidSem',18),
(202040303,12302110501011,'MidSem',16),
(202040303,12302110501012,'MidSem',16),
(202040303,12302110501013,'MidSem',19),
(202040303,12302110501014,'MidSem',17),
(202040303,12302110501015,'MidSem',9),
(202040303,12302110501016,'MidSem',16),
(202040303,12302110501017,'MidSem',20),
(202040303,12302110501018,'MidSem',19),
(202040303,12302110501019,'MidSem',12),
(202040303,12302110501020,'MidSem',19),
(202040303,12302110501021,'MidSem',16),
(202040303,12302110501022,'MidSem',16),
(202040303,12302110501023,'MidSem',19),
(202040303,12302110501024,'MidSem',14),
(202040303,12302110501025,'MidSem',6),
(202040303,12302110501026,'MidSem',9),
(202040303,12302110501027,'MidSem',5),
(202040303,12302110501028,'MidSem',15),
(202040303,12302110501029,'MidSem',12),
(202040303,12302110501030,'MidSem',10),
(202040303,12302110501031,'MidSem',18),
(202040303,12302110501032,'MidSem',13),
(202040303,12302110501033,'MidSem',15),
(202040303,12302110501034,'MidSem',15),
(202040303,12302110501035,'MidSem',14),
(202040303,12302110501036,'MidSem',0),
(202040303,12302110501037,'MidSem',18),
(202040303,12302110501039,'MidSem',15),
(202040303,12302110501040,'MidSem',13),
(202040303,12302110501041,'MidSem',13),
(202040303,12302110501042,'MidSem',17),
(202040303,12302110501043,'MidSem',19),
(202040303,12302110501044,'MidSem',14),
(202040303,12302110501045,'MidSem',16),
(202040303,12302110501046,'MidSem',19),
(202040303,12302110501047,'MidSem',20),
(202040303,12302110501048,'MidSem',18),
(202040303,12302110501049,'MidSem',0),
(202040303,12302110501050,'MidSem',14),
(202040303,12302110501051,'MidSem',18),
(202040303,12302110501052,'MidSem',15),
(202040303,12302110501053,'MidSem',16),
(202040303,12302110501054,'MidSem',17),
(202040303,12302110501055,'MidSem',19),
(202040303,12302110501056,'MidSem',15),
(202040303,12302110501057,'MidSem',18),
(202040303,12302110501058,'MidSem',17),
(202040303,12302110501059,'MidSem',18),
(202040303,12302110501060,'MidSem',14),
(202040303,12302110501061,'MidSem',15),
(202040303,12302110501062,'MidSem',11),
(202040303,12302110501063,'MidSem',14),
(202040303,12302110501064,'MidSem',12),
(202040303,12302110501065,'MidSem',13),
(202040303,12302110501066,'MidSem',16),
(202040303,12302110501067,'MidSem',16),
(202040303,12302110501068,'MidSem',5),
(202040303,12302110501069,'MidSem',0),
(202040303,12302110501070,'MidSem',15),
(202040303,12302110501071,'MidSem',12),
(202040303,12302110501072,'MidSem',10),
(202040303,12302110501073,'MidSem',13),
(202040303,12302110501074,'MidSem',17),
(202040303,12302110501075,'MidSem',19),
(202040303,12302110501076,'MidSem',0),
(202040303,12302110501077,'MidSem',9),
(202040303,12302110501078,'MidSem',10),
(202040303,12302110501079,'MidSem',0),
(202040303,12302110501080,'MidSem',17),
(202040303,12302110501081,'MidSem',12),
(202040303,12302110501082,'MidSem',14),
(202040303,12302110501083,'MidSem',10),
(202040303,12302110501084,'MidSem',8),
(202040303,12302110501085,'MidSem',11),
(202040303,12302110501086,'MidSem',16),
(202040303,12302110501087,'MidSem',0),
(202040302,12302110501001,'MidSem',13),
(202040302,12302110501002,'MidSem',16),
(202040302,12302110501003,'MidSem',16),
(202040302,12302110501004,'MidSem',12),
(202040302,12302110501005,'MidSem',19),
(202040302,12302110501006,'MidSem',18),
(202040302,12302110501007,'MidSem',13),
(202040302,12302110501008,'MidSem',1),
(202040302,12302110501009,'MidSem',14),
(202040302,12302110501010,'MidSem',18),
(202040302,12302110501011,'MidSem',14),
(202040302,12302110501012,'MidSem',14),
(202040302,12302110501013,'MidSem',19),
(202040302,12302110501014,'MidSem',13),
(202040302,12302110501015,'MidSem',0),
(202040302,12302110501016,'MidSem',10),
(202040302,12302110501017,'MidSem',15),
(202040302,12302110501018,'MidSem',18),
(202040302,12302110501019,'MidSem',8),
(202040302,12302110501020,'MidSem',15),
(202040302,12302110501021,'MidSem',16),
(202040302,12302110501022,'MidSem',16),
(202040302,12302110501023,'MidSem',15),
(202040302,12302110501024,'MidSem',13),
(202040302,12302110501025,'MidSem',12),
(202040302,12302110501026,'MidSem',13),
(202040302,12302110501027,'MidSem',7),
(202040302,12302110501028,'MidSem',15),
(202040302,12302110501029,'MidSem',9),
(202040302,12302110501030,'MidSem',10),
(202040302,12302110501031,'MidSem',18),
(202040302,12302110501032,'MidSem',9),
(202040302,12302110501033,'MidSem',8),
(202040302,12302110501034,'MidSem',14),
(202040302,12302110501035,'MidSem',14),
(202040302,12302110501036,'MidSem',7),
(202040302,12302110501037,'MidSem',16),
(202040302,12302110501039,'MidSem',12),
(202040302,12302110501040,'MidSem',19),
(202040302,12302110501041,'MidSem',13),
(202040302,12302110501042,'MidSem',17),
(202040302,12302110501043,'MidSem',14),
(202040302,12302110501044,'MidSem',19),
(202040302,12302110501045,'MidSem',15),
(202040302,12302110501046,'MidSem',19),
(202040302,12302110501047,'MidSem',18),
(202040302,12302110501048,'MidSem',9),
(202040302,12302110501049,'MidSem',0),
(202040302,12302110501050,'MidSem',14),
(202040302,12302110501051,'MidSem',19),
(202040302,12302110501052,'MidSem',15),
(202040302,12302110501053,'MidSem',12),
(202040302,12302110501054,'MidSem',19),
(202040302,12302110501055,'MidSem',19),
(202040302,12302110501056,'MidSem',14),
(202040302,12302110501057,'MidSem',19),
(202040302,12302110501058,'MidSem',17),
(202040302,12302110501059,'MidSem',15),
(202040302,12302110501060,'MidSem',12),
(202040302,12302110501061,'MidSem',12),
(202040302,12302110501062,'MidSem',18),
(202040302,12302110501063,'MidSem',19),
(202040302,12302110501064,'MidSem',12),
(202040302,12302110501065,'MidSem',14),
(202040302,12302110501066,'MidSem',13),
(202040302,12302110501067,'MidSem',19),
(202040302,12302110501068,'MidSem',7),
(202040302,12302110501069,'MidSem',11),
(202040302,12302110501070,'MidSem',7),
(202040302,12302110501071,'MidSem',10),
(202040302,12302110501072,'MidSem',17),
(202040302,12302110501073,'MidSem',10),
(202040302,12302110501074,'MidSem',11),
(202040302,12302110501075,'MidSem',19),
(202040302,12302110501076,'MidSem',0),
(202040302,12302110501077,'MidSem',7),
(202040302,12302110501078,'MidSem',9),
(202040302,12302110501079,'MidSem',8),
(202040302,12302110501080,'MidSem',16),
(202040302,12302110501081,'MidSem',7),
(202040302,12302110501082,'MidSem',15),
(202040302,12302110501083,'MidSem',8),
(202040302,12302110501084,'MidSem',5),
(202040302,12302110501085,'MidSem',11),
(202040302,12302110501086,'MidSem',19),
(202040302,12302110501087,'MidSem',0),
(202180301,12302110501001,'MidSem',10),
(202180301,12302110501002,'MidSem',17),
(202180301,12302110501013,'MidSem',16),
(202180301,12302110501014,'MidSem',12),
(202180301,12302110501037,'MidSem',12),
(202180301,12302110501043,'MidSem',11),
(202180301,12302110501047,'MidSem',13),
(202180301,12302110501051,'MidSem',19),
(202180301,12302110501055,'MidSem',17),
(202180301,12302110501063,'MidSem',12),
(202180301,12302110501072,'MidSem',11),
(202180301,12302110501075,'MidSem',14),
(000000001,12302110501007,'MidSem',9),
(000000001,12302110501021,'MidSem',1),
(000000001,12302110501025,'MidSem',1),
(000000001,12302110501027,'MidSem',7),
(000000001,12302110501028,'MidSem',1),
(000000001,12302110501030,'MidSem',8),
(000000001,12302110501032,'MidSem',1),
(000000001,12302110501039,'MidSem',1),
(000000001,12302110501058,'MidSem',1),
(000000001,12302110501068,'MidSem',9);



CREATE TABLE Faculty_Subject (
    Subject_Id INT,
    Faculty_Id INT,
	Type VARCHAR(10),
	Batch CHAR(4)
);

INSERT INTO Faculty_Subject VALUES
(202001206,119,'T','0001'),
(202001208,63,'T','0001'),
(202001208,64,'P','1A11'),
(202001208,69,'P','1B11'),
(202001208,63,'P','1C11'),
(202001208,67,'P','1D11'),
(202000104,138,'T','0001'),
(202000104,142,'P','1A11'),
(202000104,140,'P','1B11'),
(202000104,139,'P','1C11'),
(202000104,138,'P','1D11'),
(202001213,144,'T','0001'),
(202001213,144,'P','1A11'),
(202001213,144,'P','1B11'),
(202001213,144,'P','1C11'),
(202001213,144,'P','1D11'),
(202000110,46,'T','0001'),
(202000110,47,'P','1A11'),
(202000110,47,'P','1B11'),
(202000110,47,'P','1C11'),
(202000110,47,'P','1D11'),
(202001207,132,'T','0001'),
(202001202,66,'T','0001'),
(202001202,67,'T','0001'),
(202001202,28,'P','1A11'),
(202001202,28,'P','1B11'),
(202001202,66,'P','1C11'),
(202001202,68,'P','1D11'),
(202001209,55,'P','1A11'),
(202001209,64,'P','1A11'),
(202001209,33,'P','1B11'),
(202001209,53,'P','1B11'),
(202001209,66,'P','1C11'),
(202001209,57,'P','1C11'),
(202001209,60,'P','1D11'),
(202001209,67,'P','1D11'),
(202001203,56,'T','0001'),
(202001203,112,'T','0001'),
(202001203,54,'P','1A11'),
(202001203,124,'P','1A11'),
(202001203,54,'P','1B11'),
(202001203,124,'P','1B11'),
(202001203,56,'P','1C11'),
(202001203,125,'P','1C11'),
(202001203,56,'P','1D11'),
(202001203,125,'P','1D11'),
(202000212,41,'T','0001'),
(202000212,40,'P','1A11'),
(202000212,41,'P','1B11'),
(202000212,43,'P','1C11'),
(202000212,41,'P','1D11'),
(202000211,139,'T','0001'),
(202000211,140,'P','1A11'),
(202000211,142,'P','1B11'),
(202000211,138,'P','1C11'),
(202000211,139,'P','1D11'),
(202000303,140,'T','0001'),
(202000211,139,'P','1A11'),
(202000211,140,'P','1B11'),
(202000211,141,'P','1C11'),
(202000211,135,'P','1D11'),
(202003402,119,'T','0001'),
(202003403,149,'T','0001'),
(202040301,45,'T','0001'),
(202040301,45,'P','1A11'),
(202040301,48,'P','1B11'),
(202040301,45,'P','1C11'),
(202040301,46,'P','1D11'),
(202040301,49,'P','1E11'),
(202040302,41,'T','0001'),
(202040302,43,'P','1A11'),
(202040302,43,'P','1B11'),
(202040302,41,'P','1C11'),
(202040302,41,'P','1D11'),
(202040303,43,'P','1E11'),
(202040303,127,'T','0001'),
(202040303,127,'P','1A11'),
(202040303,125,'P','1B11'),
(202040303,127,'P','1C11'),
(202040303,127,'P','1D11'),
(202040303,125,'P','1E11'),
(900009901,'00','T','0001'),
(202180301,68,'T','0001'),
(202180301,68,'P','0001'),
(1,'00','T','0001'),
(1,'00','P','0001');


CREATE TABLE Faculty (
    Faculty_Id INT,
	Prefix VARCHAR(10) NOT NULL,
    First_Name VARCHAR(100) NOT NULL,
	Last_Name VARCHAR(100) NOT NULL,
    Phone_Number BIGINT,
    Email_Id VARCHAR(100),
    Post VARCHAR(100) NOT NULL,
	Branch_Id VARCHAR(10) NOT NULL,
    PRIMARY KEY(Faculty_Id)
);

INSERT INTO Faculty (Faculty_Id,Prefix,First_Name,Last_Name,Phone_Number,Email_Id,Post,Branch_Id) VALUES
(0,'00','00','00',00,'00','00','00'),
(1,'Dr.','Kaushik','Nath',NULL,NULL,'Principal','CH'),
(2,'Dr.','Mathur','Bhakhar',NULL,NULL,'Head of Department & Professor','CH'),
(3,'Dr.','Anand','Metre',NULL,NULL,'Associate Professor','CH'),
(4,'Dr.','Dharmesh','Kapatel',NULL,NULL,'Associate Professor','CH'),
(5,'Dr.','Suresh','Panchani',NULL,NULL,'Assistant Professor','CH'),
(6,'Dr.','Haresh','Dave',NULL,NULL,'Principal','CH'),
(7,'Prof.','Vinaykumar','Patel',NULL,NULL,'Assistant Professor','CH'),
(8,'Prof.','Vivaksha','Patel',NULL,NULL,'Assistant Professor','CH'),
(9,'Prof.','Endrick','Contractor',NULL,NULL,'Assistant Professor','CH'),
(10,'Dr.','Mayuri','Prajapati',NULL,NULL,'Assistant Professor','CH'),
(11,'Dr.','Nikhil','Gondaliya',NULL,NULL,'Head of Department & Professor','IT'),
(12,'Dr.','Miral','Patel',NULL,NULL,'Professor','IT'),
(13,'Dr.','Hetal','Chudasama',NULL,NULL,'Associate Professor','IT'),
(14,'Prof.','Premkumar','Balani',NULL,NULL,'Assistant Professor','IT'),
(15,'Dr.','Jay','Vala',NULL,NULL,'Assistant Professor','IT'),
(16,'Prof.','Vishal','Prajapati',NULL,NULL,'Assistant Professor','IT'),
(17,'Prof.','Vinita','Shah',NULL,NULL,'Assistant Professor','IT'),
(18,'Prof.','Mittal','Darji',NULL,NULL,'Assistant Professor','IT'),
(19,'Prof.','Rahul','Patel',NULL,NULL,'Assistant Professor','IT'),
(20,'Mr.','Sanjay','Patel',NULL,NULL,'Professor','IT'),
(21,'Mr.','Mahek','Gohil',NULL,NULL,'Assistant Professor','IT'),
(22,'Ms.','Komal','Rohit',NULL,NULL,'Professor','IT'),
(23,'Mr.','Kush','Patel',NULL,NULL,'Assistant Professor','IT'),
(24,'Ms.','Rinal','Patel',NULL,NULL,'Assistant Professor','IT'),
(25,'Dr.','Hemant','Thakkar',NULL,NULL,'Head of Department & Associcate Professor','ME'),
(26,'Dr.','Darshak','Desai',NULL,NULL,'Professor','ME'),
(27,'Dr.','Manan','Desai',NULL,NULL,'Associate Professor','ME'),
(28,'Dr.','Mitesh','Vegard',NULL,NULL,'Associate Professor','ME'),
(29,'Dr.','Vivek','Deshpande',NULL,NULL,'Associate Professor','ME'),
(30,'Prof.','Sankalp','Kulkarni',NULL,NULL,'Assistant Professor','ME'),
(31,'Prof.','Faijubhai','Malek',NULL,NULL,'Assistant Professor','ME'),
(32,'Prof.','Jvalant','Trivedi',NULL,NULL,'Assistant Professor','ME'),
(33,'Prof.','Purnank','Bhatt',NULL,NULL,'Professor','ME'),
(34,'Prof.','Aditya','Bais',NULL,NULL,'Professor','ME'),
(35,'Prof.','Riya','Patel',NULL,NULL,'Professor','ME'),
(36,'Dr.','Nikhil','Gondaliya',NULL,NULL,'Head of Department & Professor','CSE(IoT)'),
(37,'Dr.','Miral','Patel',NULL,NULL,'Professor','CSE(IoT)'),
(38,'Dr.','Hetal','Chudasama',NULL,NULL,'Associate Professor','CSE(IoT)'),
(39,'Prof.','Premkumar','Balani',NULL,NULL,'Assistant Professor','CSE(IoT)'),
(40,'Dr.','Jay','Vala',NULL,NULL,'Assistant Professor','CSE(IoT)'),
(41,'Prof.','Vishal','Prajapati',NULL,NULL,'Assistant Professor','CSE(IoT)'),
(42,'Prof.','Vinita','Shah',NULL,NULL,'Assistant Professor','CSE(IoT)'),
(43,'Prof.','Mittal','Darji',NULL,NULL,'Assistant Professor','CSE(IoT)'),
(44,'Prof.','Rahul','Patel',NULL,NULL,'Assistant Professor','CSE(IoT)'),
(45,'Mr.','Sanjay','Patel',NULL,NULL,'Professor','CSE(IoT)'),
(46,'Mr.','Mahek','Gohil',NULL,NULL,'Assistant Professor','CSE(IoT)'),
(47,'Ms.','Komal','Rohit',NULL,NULL,'Professor','CSE(IoT)'),
(48,'Mr.','Kush','Patel',NULL,NULL,'Assistant Professor','CSE(IoT)'),
(49,'Ms.','Rinal','Patel',NULL,NULL,'Assistant Professor','CSE(IoT)'),
(50,'Dr.','Hitesh','Shah',NULL,NULL,'Head of Department & Professor','EC'),
(51,'Dr.','Mehul','Shah',NULL,NULL,'Associate Professor','EC'),
(52,'Prof.','Nilesh','Desai',NULL,NULL,'Assistant Professor','EC'),
(53,'Dr.','Geetali','Saha',NULL,NULL,'Assistant Professor','EC'),
(54,'Prof.','Pradeep','Shah',NULL,NULL,'Assistant Professor','EC'),
(55,'Dr.','Samir','Trapasiya',NULL,NULL,'Assistant Professor','EC'),
(56,'Dr.','Kavindra','Jain',NULL,NULL,'Assistant Professor','EC'),
(57,'Prof.','Mayank','Ardeshana',NULL,NULL,'Assistant Professor','EC'),
(58,'Prof.','Rohit','Parmar',NULL,NULL,'Assistant Professor','EC'),
(59,'Prof.','Parthesh','Mankodi',NULL,NULL,'Assistant Professor','EC'),
(60,'Prof.','Deven','Trivedi',NULL,NULL,'Assistant Professor','EC'),
(61,'Dr.','Vinod','Patel',NULL,NULL,'Head of Department & Professor','MC'),
(62,'Dr.','Ketan','Tamboli',NULL,NULL,'Associate Professor','MC'),
(63,'Dr.','Yogesh','Chauhan',NULL,NULL,'Associate Professor','MC'),
(64,'Dr.','Saurin','Sheth',NULL,NULL,'Assistant Professor','MC'),
(65,'Dr.','Ajay','Patel',NULL,NULL,'Assistant Professor','MC'),
(66,'Prof.','Pathik','Patel',NULL,NULL,'Assistant Professor','MC'),
(67,'Prof.','Bhavik','Ardeshana',NULL,NULL,'Assistant Professor','MC'),
(68,'Prof.','Umang','Jani',NULL,NULL,'Professor','MC'),
(69,'Prof.','Sanjiv','Rajput',NULL,NULL,'Assistant Professor','MC'),
(70,'Prof.','Hemantkumar','Rathod',NULL,NULL,'Assistant Professor','MC'),
(71,'Prof.','Digant','Raval',NULL,NULL,'Assistant Professor','MC'),
(72,'Dr.','Maulika','Patel',NULL,NULL,'Head of Department & Professor','CP'),
(73,'Prof.','Hetal','Gaudani',NULL,NULL,'Assistant Professor','CP'),
(74,'Dr.','Priyang','Bhatt',NULL,NULL,'Associate Professor','CP'),
(75,'Dr.','Kinjal','Joshi',NULL,NULL,'Assistant Professor','CP'),
(76,'Dr.','Namrata','Dave',NULL,NULL,'Assistant Professor','CP'),
(77,'Prof.','Brijesh','Patel',NULL,NULL,'Associate Professor','CP'),
(78,'Prof.','Nirav','Raja',NULL,NULL,'Assistant Professor','CP'),
(79,'Prof.','krushna','Pandit',NULL,NULL,'Assistant Professor','CP'),
(80,'Prof.','Khyati','Mehat',NULL,NULL,'Assistant Professor','CP'),
(81,'Prof.','Chhaya','Zala',NULL,NULL,'Assistant Professor','CP'),
(82,'Prof.','Harsh','Kantawala',NULL,NULL,'Assistant Professor','CP'),
(83,'Prof.','Zubin','Bhaidasna',NULL,NULL,'Assistant Professor','CP'),
(84,'Prof.','Divya','Dubal',NULL,NULL,'Assistant Professor','CP'),
(85,'Prof.','Tejaskumar','Patel',NULL,NULL,'Assistant Professor','CP'),
(86,'Prof.','Nita','Jadav',NULL,NULL,'Assistant Professor','CP'),
(87,'Prof.','Vraj','Hingu',NULL,NULL,'Assistant Professor','CP'),
(88,'Prof.','Kurtulain','Kaji',NULL,NULL,'Assistant Professor','CP'),
(89,'Prof.','Rashmika','Baria',NULL,NULL,'Assistant Professor','CP'),
(90,'Mr.','Aryan','Kothambia',NULL,NULL,'Lecturer','CP'),
(91,'Ms.','Binal','Patel',NULL,NULL,'Lecturer','CP'),
(92,'Mr.','Manthan','Parikh',NULL,NULL,'Lecturer','CP'),
(93,'Ms.','Priya','Thakkar',NULL,NULL,'Lecturer','CP'),
(94,'Dr.','Maulika','Patel',NULL,NULL,'Head of Department & Professor','CSD'),
(95,'Prof.','Hetal','Gaudani',NULL,NULL,'Assistant Professor','CSD'),
(96,'Dr.','Priyang','Bhatt',NULL,NULL,'Associate Professor','CSD'),
(97,'Dr.','Kinjal','Joshi',NULL,NULL,'Assistant Professor','CSD'),
(98,'Dr.','Namrata','Dave',NULL,NULL,'Assistant Professor','CSD'),
(99,'Prof.','Brijesh','Patel',NULL,NULL,'Associate Professor','CSD'),
(100,'Prof.','Nirav','Raja',NULL,NULL,'Assistant Professor','CSD'),
(101,'Prof.','krushna','Pandit',NULL,NULL,'Assistant Professor','CSD'),
(102,'Prof.','Khyati','Mehat',NULL,NULL,'Assistant Professor','CSD'),
(103,'Prof.','Chhaya','Zala',NULL,NULL,'Assistant Professor','CSD'),
(104,'Prof.','Harsh','Kantawala',NULL,NULL,'Assistant Professor','CSD'),
(105,'Prof.','Zubin','Bhaidasna',NULL,NULL,'Assistant Professor','CSD'),
(106,'Prof.','Divya','Dubal',NULL,NULL,'Assistant Professor','CSD'),
(107,'Prof.','Tejaskumar','Patel',NULL,NULL,'Assistant Professor','CSD'),
(108,'Prof.','Nita','Jadav',NULL,NULL,'Assistant Professor','CSD'),
(109,'Prof.','Vraj','Hingu',NULL,NULL,'Assistant Professor','CSD'),
(110,'Prof.','Kurtulain','Kaji',NULL,NULL,'Assistant Professor','CSD'),
(111,'Prof.','Rashmika','Baria',NULL,NULL,'Assistant Professor','CSD'),
(112,'Mr.','Aryan','Kothambia',NULL,NULL,'Lecturer','CSD'),
(113,'Ms.','Binal','Patel',NULL,NULL,'Lecturer','CSD'),
(114,'Mr.','Manthan','Parikh',NULL,NULL,'Lecturer','CSD'),
(115,'Ms.','Priya','Thakkar',NULL,NULL,'Lecturer','CSD'),
(116,'Dr.','Ritesh','Patel',NULL,NULL,'Head of Department & Professor','EE'),
(117,'Dr.','Vijay','Makwana',NULL,NULL,'Professor','EE'),
(118,'Dr.','Chetan','Sheth',NULL,NULL,'Associate Professor','EE'),
(119,'Dr.','Hardik','Pathak',NULL,NULL,'Associate Professor','EE'),
(120,'Prof.','Sameer','Patel',NULL,NULL,'Assistant Professor','EE'),
(121,'Prof.','Rakesh','Patel',NULL,NULL,'Assistant Professor','EE'),
(122,'Prof.','Jasmin','James',NULL,NULL,'Assistant Professor','EE'),
(123,'Prof.','Bhavesh','Hindocha',NULL,NULL,'Assistant Professor','EE'),
(124,'Dr.','Chintan','Patel',NULL,NULL,'Assistant Professor','EE'),
(125,'Prof.','Jignesh','Patel',NULL,NULL,'Assistant Professor','EE'),
(126,'Prof.','Sachin','Patel',NULL,NULL,'Assistant Professor','EE'),
(127,'Prof.','Kaushal','Shah',NULL,NULL,'Professor','EE'),
(128,'Mr.','Jeeten','Patel',NULL,NULL,'Trainee Lecturer','EE'),
(129,'Dr.','Khadeeja','Priyan',NULL,NULL,'Head of Department & Professor','CE'),
(130,'Dr.','Snehal','Popli',NULL,NULL,'Assistant Professor','CE'),
(131,'Prof.','Poorav','Shah',NULL,NULL,'Assistant Professor','CE'),
(132,'Prof.','Krunali','Patel',NULL,NULL,'Assistant Professor','CE'),
(133,'Prof.','Jaimin','Parmar',NULL,NULL,'Assistant Professor','CE'),
(134,'Prof.','Jalpa','Patel',NULL,NULL,'Assistant Professor','CE'),
(135,'Dr.','Vipul','Shah',NULL,NULL,'Associate Professor','APS&H'),
(136,'Dr.','Rajesh','Sanghvi',NULL,NULL,'Assistant Professor','APS&H'),
(137,'Dr.','Krupal','Parikh',NULL,NULL,'Assistant Professor','APS&H'),
(138,'Prof.','Bijal','Khamar',NULL,NULL,'Assistant Professor','APS&H'),
(139,'Prof.','Mukesh','Joshi',NULL,NULL,'Professor','APS&H'),
(140,'Dr.','Heena','Raj',NULL,NULL,'Professor','APS&H'),
(141,'Prof.','Tejas','Jani',NULL,NULL,'Professor','APS&H'),
(142,'Prof.','Bhavyata','Patel',NULL,NULL,'Assistant Professor','APS&H'),
(143,'Mr.','Pavikumar','Shah',NULL,NULL,'Assistant Professor','APS&H'),
(144,'Dr.','Smita','Joshi',NULL,NULL,'Assistant Professor','APS&H'),
(145,'Mr.','Niteshkumar','Bhoi',NULL,NULL,'Assistant Professor','APS&H'),
(146,'Dr.','Bhavesh','Rajpara',NULL,NULL,'Associate Professor','APS&H'),
(147,'Dr.','Vibhutiba','jethwa',NULL,NULL,'Assistant Professor','APS&H'),
(148,'Dr.','Bhavika','Patel',NULL,NULL,'Assistant Professor','APS&H'),
(149,'Dr.','Amita','Patel',NULL,NULL,'Professor','APS&H'),
(150,'Ms.','Vaxita','Solanki',NULL,NULL,'Assistant Professor','APS&H'),
(151,'Dr.','Bhargav','Dave',NULL,NULL,'Assistant Professor','APS&H'),
(152,'Dr.','Hitesh','Shah',NULL,NULL,'Head of Department & Professor','ICT'),
(153,'Dr.','Mehul','Shah',NULL,NULL,'Associate Professor','ICT'),
(154,'Prof.','Nilesh','Desai',NULL,NULL,'Assistant Professor','ICT'),
(155,'Dr.','Geetali','Saha',NULL,NULL,'Assistant Professor','ICT'),
(156,'Prof.','Pradeep','Shah',NULL,NULL,'Assistant Professor','ICT'),
(157,'Dr.','Samir','Trapasiya',NULL,NULL,'Assistant Professor','ICT'),
(158,'Dr.','Kavindra','Jain',NULL,NULL,'Assistant Professor','ICT'),
(159,'Prof.','Mayank','Ardeshana',NULL,NULL,'Assistant Professor','ICT'),
(160,'Prof.','Rohit','Parmar',NULL,NULL,'Assistant Professor','ICT'),
(161,'Prof.','Parthesh','Mankodi',NULL,NULL,'Assistant Professor','ICT'),
(162,'Prof.','Deven','Trivedi',NULL,NULL,'Assistant Professor','ICT');

UPDATE Faculty
SET Phone_Number = FLOOR(RAND() * 9000000000) + 1000000000
WHERE Phone_Number IS NULL;

UPDATE Faculty
SET Email_id = CONCAT(LOWER(first_name), LOWER(last_name),'@gcet.ac.in')
WHERE Email_Id IS NULL;

CREATE TABLE Branches(
	Branch_Id INT,
	Name VARCHAR(100) NOT NULL,
	ID VARCHAR(10) NOT NULL,
	PRIMARY KEY(ID)
);

INSERT INTO Branches(Branch_Id,Name,ID) VALUES
(0,'00','00'),
(1,'Chemical Engineering','CH'),
(2,'Information Technology','IT'),
(3,'Computer Science & Engineering (IoT)','CSE(IoT)'),
(4,'Mechanical Engineering','ME'),
(5,'Electronics & Communication','EC'),
(6,'Information & Communication Technology','ICT'),
(7,'Mechatronics Engineering','MC'),
(8,'Computer Engineering','CP'),
(9,'Computer Science & Design','CSD'),
(10,'Electrical Engineering','EE'),
(11,'Civil Engineering','CE'),
(12,'Applied Science & Humanities','APS&H');



CREATE TABLE Batches (
	Batch VARCHAR(5),
	Batch_Id CHAR(5),
	Branch VARCHAR(10),
	PRIMARY KEY(Batch_Id)
);

INSERT INTO Batches VALUES
('Class','0001','CSE(IoT)'),
('A','1A11','CSE(IoT)'),
('B','1B11','CSE(IoT)'),
('C','1C11','CSE(IoT)'),
('D','1D11','CSE(IoT)'),
('E','1E11','CSE(IoT)');



CREATE TABLE Attendance (
    ID INT AUTO_INCREMENT,
    Subject_Id INT NOT NULL,
    Enrollment_Id BIGINT NOT NULL,
    Type VARCHAR(2),
    Attendance FLOAT,
	PRIMARY KEY(ID)
);

INSERT INTO Attendance (Subject_Id,Enrollment_Id,Type) VALUES
(202000303,12302110501001,'T'),
(202000303,12302110501002,'T'),
(202000303,12302110501003,'T'),
(202000303,12302110501004,'T'),
(202000303,12302110501005,'T'),
(202000303,12302110501006,'T'),
(202000303,12302110501007,'T'),
(202000303,12302110501008,'T'),
(202000303,12302110501009,'T'),
(202000303,12302110501010,'T'),
(202000303,12302110501011,'T'),
(202000303,12302110501012,'T'),
(202000303,12302110501013,'T'),
(202000303,12302110501014,'T'),
(202000303,12302110501015,'T'),
(202000303,12302110501016,'T'),
(202000303,12302110501017,'T'),
(202000303,12302110501018,'T'),
(202000303,12302110501019,'T'),
(202000303,12302110501020,'T'),
(202000303,12302110501021,'T'),
(202000303,12302110501022,'T'),
(202000303,12302110501023,'T'),
(202000303,12302110501024,'T'),
(202000303,12302110501025,'T'),
(202000303,12302110501026,'T'),
(202000303,12302110501027,'T'),
(202000303,12302110501028,'T'),
(202000303,12302110501029,'T'),
(202000303,12302110501030,'T'),
(202000303,12302110501031,'T'),
(202000303,12302110501032,'T'),
(202000303,12302110501033,'T'),
(202000303,12302110501034,'T'),
(202000303,12302110501035,'T'),
(202000303,12302110501036,'T'),
(202000303,12302110501037,'T'),
(202000303,12302110501038,'T'),
(202000303,12302110501039,'T'),
(202000303,12302110501040,'T'),
(202000303,12302110501041,'T'),
(202000303,12302110501042,'T'),
(202000303,12302110501043,'T'),
(202000303,12302110501044,'T'),
(202000303,12302110501045,'T'),
(202000303,12302110501046,'T'),
(202000303,12302110501047,'T'),
(202000303,12302110501048,'T'),
(202000303,12302110501049,'T'),
(202000303,12302110501050,'T'),
(202000303,12302110501051,'T'),
(202000303,12302110501052,'T'),
(202000303,12302110501053,'T'),
(202000303,12302110501054,'T'),
(202000303,12302110501055,'T'),
(202000303,12302110501056,'T'),
(202000303,12302110501057,'T'),
(202000303,12302110501058,'T'),
(202000303,12302110501059,'T'),
(202000303,12302110501060,'T'),
(202000303,12302110501061,'T'),
(202000303,12302110501062,'T'),
(202000303,12302110501063,'T'),
(202000303,12302110501064,'T'),
(202000303,12302110501065,'T'),
(202000303,12302110501066,'T'),
(202000303,12302110501067,'T'),
(202000303,12302110501068,'T'),
(202000303,12302110501069,'T'),
(202000303,12302110501070,'T'),
(202000303,12302110501071,'T'),
(202000303,12302110501072,'T'),
(202000303,12302110501073,'T'),
(202000303,12302110501074,'T'),
(202000303,12302110501075,'T'),
(202000303,12302110501076,'T'),
(202000303,12302110501077,'T'),
(202000303,12302110501078,'T'),
(202000303,12302110501079,'T'),
(202000303,12302110501080,'T'),
(202000303,12302110501081,'T'),
(202000303,12302110501082,'T'),
(202000303,12302110501083,'T'),
(202000303,12302110501084,'T'),
(202000303,12302110501085,'T'),
(202000303,12302110501086,'T'),
(202000303,12302110501087,'T'),
(202000303,12302110501001,'P'),
(202000303,12302110501002,'P'),
(202000303,12302110501003,'P'),
(202000303,12302110501004,'P'),
(202000303,12302110501005,'P'),
(202000303,12302110501006,'P'),
(202000303,12302110501007,'P'),
(202000303,12302110501008,'P'),
(202000303,12302110501009,'P'),
(202000303,12302110501010,'P'),
(202000303,12302110501011,'P'),
(202000303,12302110501012,'P'),
(202000303,12302110501013,'P'),
(202000303,12302110501014,'P'),
(202000303,12302110501015,'P'),
(202000303,12302110501016,'P'),
(202000303,12302110501017,'P'),
(202000303,12302110501018,'P'),
(202000303,12302110501019,'P'),
(202000303,12302110501020,'P'),
(202000303,12302110501021,'P'),
(202000303,12302110501022,'P'),
(202000303,12302110501023,'P'),
(202000303,12302110501024,'P'),
(202000303,12302110501025,'P'),
(202000303,12302110501026,'P'),
(202000303,12302110501027,'P'),
(202000303,12302110501028,'P'),
(202000303,12302110501029,'P'),
(202000303,12302110501030,'P'),
(202000303,12302110501031,'P'),
(202000303,12302110501032,'P'),
(202000303,12302110501033,'P'),
(202000303,12302110501034,'P'),
(202000303,12302110501035,'P'),
(202000303,12302110501036,'P'),
(202000303,12302110501037,'P'),
(202000303,12302110501038,'P'),
(202000303,12302110501039,'P'),
(202000303,12302110501040,'P'),
(202000303,12302110501041,'P'),
(202000303,12302110501042,'P'),
(202000303,12302110501043,'P'),
(202000303,12302110501044,'P'),
(202000303,12302110501045,'P'),
(202000303,12302110501046,'P'),
(202000303,12302110501047,'P'),
(202000303,12302110501048,'P'),
(202000303,12302110501049,'P'),
(202000303,12302110501050,'P'),
(202000303,12302110501051,'P'),
(202000303,12302110501052,'P'),
(202000303,12302110501053,'P'),
(202000303,12302110501054,'P'),
(202000303,12302110501055,'P'),
(202000303,12302110501056,'P'),
(202000303,12302110501057,'P'),
(202000303,12302110501058,'P'),
(202000303,12302110501059,'P'),
(202000303,12302110501060,'P'),
(202000303,12302110501061,'P'),
(202000303,12302110501062,'P'),
(202000303,12302110501063,'P'),
(202000303,12302110501064,'P'),
(202000303,12302110501065,'P'),
(202000303,12302110501066,'P'),
(202000303,12302110501067,'P'),
(202000303,12302110501068,'P'),
(202000303,12302110501069,'P'),
(202000303,12302110501070,'P'),
(202000303,12302110501071,'P'),
(202000303,12302110501072,'P'),
(202000303,12302110501073,'P'),
(202000303,12302110501074,'P'),
(202000303,12302110501075,'P'),
(202000303,12302110501076,'P'),
(202000303,12302110501077,'P'),
(202000303,12302110501078,'P'),
(202000303,12302110501079,'P'),
(202000303,12302110501080,'P'),
(202000303,12302110501081,'P'),
(202000303,12302110501082,'P'),
(202000303,12302110501083,'P'),
(202000303,12302110501084,'P'),
(202000303,12302110501085,'P'),
(202000303,12302110501086,'P'),
(202000303,12302110501087,'P'),
(202003402,12302110501001,'T'),
(202003402,12302110501002,'T'),
(202003402,12302110501003,'T'),
(202003402,12302110501004,'T'),
(202003402,12302110501005,'T'),
(202003402,12302110501006,'T'),
(202003402,12302110501007,'T'),
(202003402,12302110501008,'T'),
(202003402,12302110501009,'T'),
(202003402,12302110501010,'T'),
(202003402,12302110501011,'T'),
(202003402,12302110501012,'T'),
(202003402,12302110501013,'T'),
(202003402,12302110501014,'T'),
(202003402,12302110501015,'T'),
(202003402,12302110501016,'T'),
(202003402,12302110501017,'T'),
(202003402,12302110501018,'T'),
(202003402,12302110501019,'T'),
(202003402,12302110501020,'T'),
(202003402,12302110501021,'T'),
(202003402,12302110501022,'T'),
(202003402,12302110501023,'T'),
(202003402,12302110501024,'T'),
(202003402,12302110501025,'T'),
(202003402,12302110501026,'T'),
(202003402,12302110501027,'T'),
(202003402,12302110501028,'T'),
(202003402,12302110501029,'T'),
(202003402,12302110501030,'T'),
(202003402,12302110501031,'T'),
(202003402,12302110501032,'T'),
(202003402,12302110501033,'T'),
(202003402,12302110501034,'T'),
(202003402,12302110501035,'T'),
(202003402,12302110501036,'T'),
(202003402,12302110501037,'T'),
(202003402,12302110501038,'T'),
(202003402,12302110501039,'T'),
(202003402,12302110501040,'T'),
(202003402,12302110501041,'T'),
(202003402,12302110501042,'T'),
(202003402,12302110501043,'T'),
(202003402,12302110501044,'T'),
(202003402,12302110501045,'T'),
(202003402,12302110501046,'T'),
(202003402,12302110501047,'T'),
(202003402,12302110501048,'T'),
(202003402,12302110501049,'T'),
(202003402,12302110501050,'T'),
(202003402,12302110501051,'T'),
(202003402,12302110501052,'T'),
(202003402,12302110501053,'T'),
(202003402,12302110501054,'T'),
(202003402,12302110501055,'T'),
(202003402,12302110501056,'T'),
(202003402,12302110501057,'T'),
(202003402,12302110501058,'T'),
(202003402,12302110501059,'T'),
(202003402,12302110501060,'T'),
(202003402,12302110501061,'T'),
(202003402,12302110501062,'T'),
(202003402,12302110501063,'T'),
(202003402,12302110501064,'T'),
(202003402,12302110501065,'T'),
(202003402,12302110501066,'T'),
(202003402,12302110501067,'T'),
(202003402,12302110501068,'T'),
(202003402,12302110501069,'T'),
(202003402,12302110501070,'T'),
(202003402,12302110501071,'T'),
(202003402,12302110501072,'T'),
(202003402,12302110501073,'T'),
(202003402,12302110501074,'T'),
(202003402,12302110501075,'T'),
(202003402,12302110501076,'T'),
(202003402,12302110501077,'T'),
(202003402,12302110501078,'T'),
(202003402,12302110501079,'T'),
(202003402,12302110501080,'T'),
(202003402,12302110501081,'T'),
(202003402,12302110501082,'T'),
(202003402,12302110501083,'T'),
(202003402,12302110501084,'T'),
(202003402,12302110501085,'T'),
(202003402,12302110501086,'T'),
(202003402,12302110501087,'T'),
(202003403,12302110501001,'T'),
(202003403,12302110501002,'T'),
(202003403,12302110501003,'T'),
(202003403,12302110501004,'T'),
(202003403,12302110501005,'T'),
(202003403,12302110501006,'T'),
(202003403,12302110501007,'T'),
(202003403,12302110501008,'T'),
(202003403,12302110501009,'T'),
(202003403,12302110501010,'T'),
(202003403,12302110501011,'T'),
(202003403,12302110501012,'T'),
(202003403,12302110501013,'T'),
(202003403,12302110501014,'T'),
(202003403,12302110501015,'T'),
(202003403,12302110501016,'T'),
(202003403,12302110501017,'T'),
(202003403,12302110501018,'T'),
(202003403,12302110501019,'T'),
(202003403,12302110501020,'T'),
(202003403,12302110501021,'T'),
(202003403,12302110501022,'T'),
(202003403,12302110501023,'T'),
(202003403,12302110501024,'T'),
(202003403,12302110501025,'T'),
(202003403,12302110501026,'T'),
(202003403,12302110501027,'T'),
(202003403,12302110501028,'T'),
(202003403,12302110501029,'T'),
(202003403,12302110501030,'T'),
(202003403,12302110501031,'T'),
(202003403,12302110501032,'T'),
(202003403,12302110501033,'T'),
(202003403,12302110501034,'T'),
(202003403,12302110501035,'T'),
(202003403,12302110501036,'T'),
(202003403,12302110501037,'T'),
(202003403,12302110501038,'T'),
(202003403,12302110501039,'T'),
(202003403,12302110501040,'T'),
(202003403,12302110501041,'T'),
(202003403,12302110501042,'T'),
(202003403,12302110501043,'T'),
(202003403,12302110501044,'T'),
(202003403,12302110501045,'T'),
(202003403,12302110501046,'T'),
(202003403,12302110501047,'T'),
(202003403,12302110501048,'T'),
(202003403,12302110501049,'T'),
(202003403,12302110501050,'T'),
(202003403,12302110501051,'T'),
(202003403,12302110501052,'T'),
(202003403,12302110501053,'T'),
(202003403,12302110501054,'T'),
(202003403,12302110501055,'T'),
(202003403,12302110501056,'T'),
(202003403,12302110501057,'T'),
(202003403,12302110501058,'T'),
(202003403,12302110501059,'T'),
(202003403,12302110501060,'T'),
(202003403,12302110501061,'T'),
(202003403,12302110501062,'T'),
(202003403,12302110501063,'T'),
(202003403,12302110501064,'T'),
(202003403,12302110501065,'T'),
(202003403,12302110501066,'T'),
(202003403,12302110501067,'T'),
(202003403,12302110501068,'T'),
(202003403,12302110501069,'T'),
(202003403,12302110501070,'T'),
(202003403,12302110501071,'T'),
(202003403,12302110501072,'T'),
(202003403,12302110501073,'T'),
(202003403,12302110501074,'T'),
(202003403,12302110501075,'T'),
(202003403,12302110501076,'T'),
(202003403,12302110501077,'T'),
(202003403,12302110501078,'T'),
(202003403,12302110501079,'T'),
(202003403,12302110501080,'T'),
(202003403,12302110501081,'T'),
(202003403,12302110501082,'T'),
(202003403,12302110501083,'T'),
(202003403,12302110501084,'T'),
(202003403,12302110501085,'T'),
(202003403,12302110501086,'T'),
(202003403,12302110501087,'T'),
(202040301,12302110501001,'T'),
(202040301,12302110501002,'T'),
(202040301,12302110501003,'T'),
(202040301,12302110501004,'T'),
(202040301,12302110501005,'T'),
(202040301,12302110501006,'T'),
(202040301,12302110501007,'T'),
(202040301,12302110501008,'T'),
(202040301,12302110501009,'T'),
(202040301,12302110501010,'T'),
(202040301,12302110501011,'T'),
(202040301,12302110501012,'T'),
(202040301,12302110501013,'T'),
(202040301,12302110501014,'T'),
(202040301,12302110501015,'T'),
(202040301,12302110501016,'T'),
(202040301,12302110501017,'T'),
(202040301,12302110501018,'T'),
(202040301,12302110501019,'T'),
(202040301,12302110501020,'T'),
(202040301,12302110501021,'T'),
(202040301,12302110501022,'T'),
(202040301,12302110501023,'T'),
(202040301,12302110501024,'T'),
(202040301,12302110501025,'T'),
(202040301,12302110501026,'T'),
(202040301,12302110501027,'T'),
(202040301,12302110501028,'T'),
(202040301,12302110501029,'T'),
(202040301,12302110501030,'T'),
(202040301,12302110501031,'T'),
(202040301,12302110501032,'T'),
(202040301,12302110501033,'T'),
(202040301,12302110501034,'T'),
(202040301,12302110501035,'T'),
(202040301,12302110501036,'T'),
(202040301,12302110501037,'T'),
(202040301,12302110501038,'T'),
(202040301,12302110501039,'T'),
(202040301,12302110501040,'T'),
(202040301,12302110501041,'T'),
(202040301,12302110501042,'T'),
(202040301,12302110501043,'T'),
(202040301,12302110501044,'T'),
(202040301,12302110501045,'T'),
(202040301,12302110501046,'T'),
(202040301,12302110501047,'T'),
(202040301,12302110501048,'T'),
(202040301,12302110501049,'T'),
(202040301,12302110501050,'T'),
(202040301,12302110501051,'T'),
(202040301,12302110501052,'T'),
(202040301,12302110501053,'T'),
(202040301,12302110501054,'T'),
(202040301,12302110501055,'T'),
(202040301,12302110501056,'T'),
(202040301,12302110501057,'T'),
(202040301,12302110501058,'T'),
(202040301,12302110501059,'T'),
(202040301,12302110501060,'T'),
(202040301,12302110501061,'T'),
(202040301,12302110501062,'T'),
(202040301,12302110501063,'T'),
(202040301,12302110501064,'T'),
(202040301,12302110501065,'T'),
(202040301,12302110501066,'T'),
(202040301,12302110501067,'T'),
(202040301,12302110501068,'T'),
(202040301,12302110501069,'T'),
(202040301,12302110501070,'T'),
(202040301,12302110501071,'T'),
(202040301,12302110501072,'T'),
(202040301,12302110501073,'T'),
(202040301,12302110501074,'T'),
(202040301,12302110501075,'T'),
(202040301,12302110501076,'T'),
(202040301,12302110501077,'T'),
(202040301,12302110501078,'T'),
(202040301,12302110501079,'T'),
(202040301,12302110501080,'T'),
(202040301,12302110501081,'T'),
(202040301,12302110501082,'T'),
(202040301,12302110501083,'T'),
(202040301,12302110501084,'T'),
(202040301,12302110501085,'T'),
(202040301,12302110501086,'T'),
(202040301,12302110501087,'T'),
(202040301,12302110501001,'P'),
(202040301,12302110501002,'P'),
(202040301,12302110501003,'P'),
(202040301,12302110501004,'P'),
(202040301,12302110501005,'P'),
(202040301,12302110501006,'P'),
(202040301,12302110501007,'P'),
(202040301,12302110501008,'P'),
(202040301,12302110501009,'P'),
(202040301,12302110501010,'P'),
(202040301,12302110501011,'P'),
(202040301,12302110501012,'P'),
(202040301,12302110501013,'P'),
(202040301,12302110501014,'P'),
(202040301,12302110501015,'P'),
(202040301,12302110501016,'P'),
(202040301,12302110501017,'P'),
(202040301,12302110501018,'P'),
(202040301,12302110501019,'P'),
(202040301,12302110501020,'P'),
(202040301,12302110501021,'P'),
(202040301,12302110501022,'P'),
(202040301,12302110501023,'P'),
(202040301,12302110501024,'P'),
(202040301,12302110501025,'P'),
(202040301,12302110501026,'P'),
(202040301,12302110501027,'P'),
(202040301,12302110501028,'P'),
(202040301,12302110501029,'P'),
(202040301,12302110501030,'P'),
(202040301,12302110501031,'P'),
(202040301,12302110501032,'P'),
(202040301,12302110501033,'P'),
(202040301,12302110501034,'P'),
(202040301,12302110501035,'P'),
(202040301,12302110501036,'P'),
(202040301,12302110501037,'P'),
(202040301,12302110501038,'P'),
(202040301,12302110501039,'P'),
(202040301,12302110501040,'P'),
(202040301,12302110501041,'P'),
(202040301,12302110501042,'P'),
(202040301,12302110501043,'P'),
(202040301,12302110501044,'P'),
(202040301,12302110501045,'P'),
(202040301,12302110501046,'P'),
(202040301,12302110501047,'P'),
(202040301,12302110501048,'P'),
(202040301,12302110501049,'P'),
(202040301,12302110501050,'P'),
(202040301,12302110501051,'P'),
(202040301,12302110501052,'P'),
(202040301,12302110501053,'P'),
(202040301,12302110501054,'P'),
(202040301,12302110501055,'P'),
(202040301,12302110501056,'P'),
(202040301,12302110501057,'P'),
(202040301,12302110501058,'P'),
(202040301,12302110501059,'P'),
(202040301,12302110501060,'P'),
(202040301,12302110501061,'P'),
(202040301,12302110501062,'P'),
(202040301,12302110501063,'P'),
(202040301,12302110501064,'P'),
(202040301,12302110501065,'P'),
(202040301,12302110501066,'P'),
(202040301,12302110501067,'P'),
(202040301,12302110501068,'P'),
(202040301,12302110501069,'P'),
(202040301,12302110501070,'P'),
(202040301,12302110501071,'P'),
(202040301,12302110501072,'P'),
(202040301,12302110501073,'P'),
(202040301,12302110501074,'P'),
(202040301,12302110501075,'P'),
(202040301,12302110501076,'P'),
(202040301,12302110501077,'P'),
(202040301,12302110501078,'P'),
(202040301,12302110501079,'P'),
(202040301,12302110501080,'P'),
(202040301,12302110501081,'P'),
(202040301,12302110501082,'P'),
(202040301,12302110501083,'P'),
(202040301,12302110501084,'P'),
(202040301,12302110501085,'P'),
(202040301,12302110501086,'P'),
(202040301,12302110501087,'P'),
(202040303,12302110501001,'T'),
(202040303,12302110501002,'T'),
(202040303,12302110501003,'T'),
(202040303,12302110501004,'T'),
(202040303,12302110501005,'T'),
(202040303,12302110501006,'T'),
(202040303,12302110501007,'T'),
(202040303,12302110501008,'T'),
(202040303,12302110501009,'T'),
(202040303,12302110501010,'T'),
(202040303,12302110501011,'T'),
(202040303,12302110501012,'T'),
(202040303,12302110501013,'T'),
(202040303,12302110501014,'T'),
(202040303,12302110501015,'T'),
(202040303,12302110501016,'T'),
(202040303,12302110501017,'T'),
(202040303,12302110501018,'T'),
(202040303,12302110501019,'T'),
(202040303,12302110501020,'T'),
(202040303,12302110501021,'T'),
(202040303,12302110501022,'T'),
(202040303,12302110501023,'T'),
(202040303,12302110501024,'T'),
(202040303,12302110501025,'T'),
(202040303,12302110501026,'T'),
(202040303,12302110501027,'T'),
(202040303,12302110501028,'T'),
(202040303,12302110501029,'T'),
(202040303,12302110501030,'T'),
(202040303,12302110501031,'T'),
(202040303,12302110501032,'T'),
(202040303,12302110501033,'T'),
(202040303,12302110501034,'T'),
(202040303,12302110501035,'T'),
(202040303,12302110501036,'T'),
(202040303,12302110501037,'T'),
(202040303,12302110501038,'T'),
(202040303,12302110501039,'T'),
(202040303,12302110501040,'T'),
(202040303,12302110501041,'T'),
(202040303,12302110501042,'T'),
(202040303,12302110501043,'T'),
(202040303,12302110501044,'T'),
(202040303,12302110501045,'T'),
(202040303,12302110501046,'T'),
(202040303,12302110501047,'T'),
(202040303,12302110501048,'T'),
(202040303,12302110501049,'T'),
(202040303,12302110501050,'T'),
(202040303,12302110501051,'T'),
(202040303,12302110501052,'T'),
(202040303,12302110501053,'T'),
(202040303,12302110501054,'T'),
(202040303,12302110501055,'T'),
(202040303,12302110501056,'T'),
(202040303,12302110501057,'T'),
(202040303,12302110501058,'T'),
(202040303,12302110501059,'T'),
(202040303,12302110501060,'T'),
(202040303,12302110501061,'T'),
(202040303,12302110501062,'T'),
(202040303,12302110501063,'T'),
(202040303,12302110501064,'T'),
(202040303,12302110501065,'T'),
(202040303,12302110501066,'T'),
(202040303,12302110501067,'T'),
(202040303,12302110501068,'T'),
(202040303,12302110501069,'T'),
(202040303,12302110501070,'T'),
(202040303,12302110501071,'T'),
(202040303,12302110501072,'T'),
(202040303,12302110501073,'T'),
(202040303,12302110501074,'T'),
(202040303,12302110501075,'T'),
(202040303,12302110501076,'T'),
(202040303,12302110501077,'T'),
(202040303,12302110501078,'T'),
(202040303,12302110501079,'T'),
(202040303,12302110501080,'T'),
(202040303,12302110501081,'T'),
(202040303,12302110501082,'T'),
(202040303,12302110501083,'T'),
(202040303,12302110501084,'T'),
(202040303,12302110501085,'T'),
(202040303,12302110501086,'T'),
(202040303,12302110501087,'T'),
(202040303,12302110501001,'P'),
(202040303,12302110501002,'P'),
(202040303,12302110501003,'P'),
(202040303,12302110501004,'P'),
(202040303,12302110501005,'P'),
(202040303,12302110501006,'P'),
(202040303,12302110501007,'P'),
(202040303,12302110501008,'P'),
(202040303,12302110501009,'P'),
(202040303,12302110501010,'P'),
(202040303,12302110501011,'P'),
(202040303,12302110501012,'P'),
(202040303,12302110501013,'P'),
(202040303,12302110501014,'P'),
(202040303,12302110501015,'P'),
(202040303,12302110501016,'P'),
(202040303,12302110501017,'P'),
(202040303,12302110501018,'P'),
(202040303,12302110501019,'P'),
(202040303,12302110501020,'P'),
(202040303,12302110501021,'P'),
(202040303,12302110501022,'P'),
(202040303,12302110501023,'P'),
(202040303,12302110501024,'P'),
(202040303,12302110501025,'P'),
(202040303,12302110501026,'P'),
(202040303,12302110501027,'P'),
(202040303,12302110501028,'P'),
(202040303,12302110501029,'P'),
(202040303,12302110501030,'P'),
(202040303,12302110501031,'P'),
(202040303,12302110501032,'P'),
(202040303,12302110501033,'P'),
(202040303,12302110501034,'P'),
(202040303,12302110501035,'P'),
(202040303,12302110501036,'P'),
(202040303,12302110501037,'P'),
(202040303,12302110501038,'P'),
(202040303,12302110501039,'P'),
(202040303,12302110501040,'P'),
(202040303,12302110501041,'P'),
(202040303,12302110501042,'P'),
(202040303,12302110501043,'P'),
(202040303,12302110501044,'P'),
(202040303,12302110501045,'P'),
(202040303,12302110501046,'P'),
(202040303,12302110501047,'P'),
(202040303,12302110501048,'P'),
(202040303,12302110501049,'P'),
(202040303,12302110501050,'P'),
(202040303,12302110501051,'P'),
(202040303,12302110501052,'P'),
(202040303,12302110501053,'P'),
(202040303,12302110501054,'P'),
(202040303,12302110501055,'P'),
(202040303,12302110501056,'P'),
(202040303,12302110501057,'P'),
(202040303,12302110501058,'P'),
(202040303,12302110501059,'P'),
(202040303,12302110501060,'P'),
(202040303,12302110501061,'P'),
(202040303,12302110501062,'P'),
(202040303,12302110501063,'P'),
(202040303,12302110501064,'P'),
(202040303,12302110501065,'P'),
(202040303,12302110501066,'P'),
(202040303,12302110501067,'P'),
(202040303,12302110501068,'P'),
(202040303,12302110501069,'P'),
(202040303,12302110501070,'P'),
(202040303,12302110501071,'P'),
(202040303,12302110501072,'P'),
(202040303,12302110501073,'P'),
(202040303,12302110501074,'P'),
(202040303,12302110501075,'P'),
(202040303,12302110501076,'P'),
(202040303,12302110501077,'P'),
(202040303,12302110501078,'P'),
(202040303,12302110501079,'P'),
(202040303,12302110501080,'P'),
(202040303,12302110501081,'P'),
(202040303,12302110501082,'P'),
(202040303,12302110501083,'P'),
(202040303,12302110501084,'P'),
(202040303,12302110501085,'P'),
(202040303,12302110501086,'P'),
(202040303,12302110501087,'P'),
(202040302,12302110501001,'T'),
(202040302,12302110501002,'T'),
(202040302,12302110501003,'T'),
(202040302,12302110501004,'T'),
(202040302,12302110501005,'T'),
(202040302,12302110501006,'T'),
(202040302,12302110501007,'T'),
(202040302,12302110501008,'T'),
(202040302,12302110501009,'T'),
(202040302,12302110501010,'T'),
(202040302,12302110501011,'T'),
(202040302,12302110501012,'T'),
(202040302,12302110501013,'T'),
(202040302,12302110501014,'T'),
(202040302,12302110501015,'T'),
(202040302,12302110501016,'T'),
(202040302,12302110501017,'T'),
(202040302,12302110501018,'T'),
(202040302,12302110501019,'T'),
(202040302,12302110501020,'T'),
(202040302,12302110501021,'T'),
(202040302,12302110501022,'T'),
(202040302,12302110501023,'T'),
(202040302,12302110501024,'T'),
(202040302,12302110501025,'T'),
(202040302,12302110501026,'T'),
(202040302,12302110501027,'T'),
(202040302,12302110501028,'T'),
(202040302,12302110501029,'T'),
(202040302,12302110501030,'T'),
(202040302,12302110501031,'T'),
(202040302,12302110501032,'T'),
(202040302,12302110501033,'T'),
(202040302,12302110501034,'T'),
(202040302,12302110501035,'T'),
(202040302,12302110501036,'T'),
(202040302,12302110501037,'T'),
(202040302,12302110501038,'T'),
(202040302,12302110501039,'T'),
(202040302,12302110501040,'T'),
(202040302,12302110501041,'T'),
(202040302,12302110501042,'T'),
(202040302,12302110501043,'T'),
(202040302,12302110501044,'T'),
(202040302,12302110501045,'T'),
(202040302,12302110501046,'T'),
(202040302,12302110501047,'T'),
(202040302,12302110501048,'T'),
(202040302,12302110501049,'T'),
(202040302,12302110501050,'T'),
(202040302,12302110501051,'T'),
(202040302,12302110501052,'T'),
(202040302,12302110501053,'T'),
(202040302,12302110501054,'T'),
(202040302,12302110501055,'T'),
(202040302,12302110501056,'T'),
(202040302,12302110501057,'T'),
(202040302,12302110501058,'T'),
(202040302,12302110501059,'T'),
(202040302,12302110501060,'T'),
(202040302,12302110501061,'T'),
(202040302,12302110501062,'T'),
(202040302,12302110501063,'T'),
(202040302,12302110501064,'T'),
(202040302,12302110501065,'T'),
(202040302,12302110501066,'T'),
(202040302,12302110501067,'T'),
(202040302,12302110501068,'T'),
(202040302,12302110501069,'T'),
(202040302,12302110501070,'T'),
(202040302,12302110501071,'T'),
(202040302,12302110501072,'T'),
(202040302,12302110501073,'T'),
(202040302,12302110501074,'T'),
(202040302,12302110501075,'T'),
(202040302,12302110501076,'T'),
(202040302,12302110501077,'T'),
(202040302,12302110501078,'T'),
(202040302,12302110501079,'T'),
(202040302,12302110501080,'T'),
(202040302,12302110501081,'T'),
(202040302,12302110501082,'T'),
(202040302,12302110501083,'T'),
(202040302,12302110501084,'T'),
(202040302,12302110501085,'T'),
(202040302,12302110501086,'T'),
(202040302,12302110501087,'T'),
(202040302,12302110501001,'P'),
(202040302,12302110501002,'P'),
(202040302,12302110501003,'P'),
(202040302,12302110501004,'P'),
(202040302,12302110501005,'P'),
(202040302,12302110501006,'P'),
(202040302,12302110501007,'P'),
(202040302,12302110501008,'P'),
(202040302,12302110501009,'P'),
(202040302,12302110501010,'P'),
(202040302,12302110501011,'P'),
(202040302,12302110501012,'P'),
(202040302,12302110501013,'P'),
(202040302,12302110501014,'P'),
(202040302,12302110501015,'P'),
(202040302,12302110501016,'P'),
(202040302,12302110501017,'P'),
(202040302,12302110501018,'P'),
(202040302,12302110501019,'P'),
(202040302,12302110501020,'P'),
(202040302,12302110501021,'P'),
(202040302,12302110501022,'P'),
(202040302,12302110501023,'P'),
(202040302,12302110501024,'P'),
(202040302,12302110501025,'P'),
(202040302,12302110501026,'P'),
(202040302,12302110501027,'P'),
(202040302,12302110501028,'P'),
(202040302,12302110501029,'P'),
(202040302,12302110501030,'P'),
(202040302,12302110501031,'P'),
(202040302,12302110501032,'P'),
(202040302,12302110501033,'P'),
(202040302,12302110501034,'P'),
(202040302,12302110501035,'P'),
(202040302,12302110501036,'P'),
(202040302,12302110501037,'P'),
(202040302,12302110501038,'P'),
(202040302,12302110501039,'P'),
(202040302,12302110501040,'P'),
(202040302,12302110501041,'P'),
(202040302,12302110501042,'P'),
(202040302,12302110501043,'P'),
(202040302,12302110501044,'P'),
(202040302,12302110501045,'P'),
(202040302,12302110501046,'P'),
(202040302,12302110501047,'P'),
(202040302,12302110501048,'P'),
(202040302,12302110501049,'P'),
(202040302,12302110501050,'P'),
(202040302,12302110501051,'P'),
(202040302,12302110501052,'P'),
(202040302,12302110501053,'P'),
(202040302,12302110501054,'P'),
(202040302,12302110501055,'P'),
(202040302,12302110501056,'P'),
(202040302,12302110501057,'P'),
(202040302,12302110501058,'P'),
(202040302,12302110501059,'P'),
(202040302,12302110501060,'P'),
(202040302,12302110501061,'P'),
(202040302,12302110501062,'P'),
(202040302,12302110501063,'P'),
(202040302,12302110501064,'P'),
(202040302,12302110501065,'P'),
(202040302,12302110501066,'P'),
(202040302,12302110501067,'P'),
(202040302,12302110501068,'P'),
(202040302,12302110501069,'P'),
(202040302,12302110501070,'P'),
(202040302,12302110501071,'P'),
(202040302,12302110501072,'P'),
(202040302,12302110501073,'P'),
(202040302,12302110501074,'P'),
(202040302,12302110501075,'P'),
(202040302,12302110501076,'P'),
(202040302,12302110501077,'P'),
(202040302,12302110501078,'P'),
(202040302,12302110501079,'P'),
(202040302,12302110501080,'P'),
(202040302,12302110501081,'P'),
(202040302,12302110501082,'P'),
(202040302,12302110501083,'P'),
(202040302,12302110501084,'P'),
(202040302,12302110501085,'P'),
(202040302,12302110501086,'P'),
(202040302,12302110501087,'P'),
(900009901,12302110501001,'T'),
(900009901,12302110501002,'T'),
(900009901,12302110501003,'T'),
(900009901,12302110501004,'T'),
(900009901,12302110501005,'T'),
(900009901,12302110501006,'T'),
(900009901,12302110501007,'T'),
(900009901,12302110501008,'T'),
(900009901,12302110501009,'T'),
(900009901,12302110501010,'T'),
(900009901,12302110501011,'T'),
(900009901,12302110501012,'T'),
(900009901,12302110501013,'T'),
(900009901,12302110501014,'T'),
(900009901,12302110501015,'T'),
(900009901,12302110501016,'T'),
(900009901,12302110501017,'T'),
(900009901,12302110501018,'T'),
(900009901,12302110501019,'T'),
(900009901,12302110501020,'T'),
(900009901,12302110501021,'T'),
(900009901,12302110501022,'T'),
(900009901,12302110501023,'T'),
(900009901,12302110501024,'T'),
(900009901,12302110501025,'T'),
(900009901,12302110501026,'T'),
(900009901,12302110501027,'T'),
(900009901,12302110501028,'T'),
(900009901,12302110501029,'T'),
(900009901,12302110501030,'T'),
(900009901,12302110501031,'T'),
(900009901,12302110501032,'T'),
(900009901,12302110501033,'T'),
(900009901,12302110501034,'T'),
(900009901,12302110501035,'T'),
(900009901,12302110501036,'T'),
(900009901,12302110501037,'T'),
(900009901,12302110501038,'T'),
(900009901,12302110501039,'T'),
(900009901,12302110501040,'T'),
(900009901,12302110501041,'T'),
(900009901,12302110501042,'T'),
(900009901,12302110501043,'T'),
(900009901,12302110501044,'T'),
(900009901,12302110501045,'T'),
(900009901,12302110501046,'T'),
(900009901,12302110501047,'T'),
(900009901,12302110501048,'T'),
(900009901,12302110501049,'T'),
(900009901,12302110501050,'T'),
(900009901,12302110501051,'T'),
(900009901,12302110501052,'T'),
(900009901,12302110501053,'T'),
(900009901,12302110501054,'T'),
(900009901,12302110501055,'T'),
(900009901,12302110501056,'T'),
(900009901,12302110501057,'T'),
(900009901,12302110501058,'T'),
(900009901,12302110501059,'T'),
(900009901,12302110501060,'T'),
(900009901,12302110501061,'T'),
(900009901,12302110501062,'T'),
(900009901,12302110501063,'T'),
(900009901,12302110501064,'T'),
(900009901,12302110501065,'T'),
(900009901,12302110501066,'T'),
(900009901,12302110501067,'T'),
(900009901,12302110501068,'T'),
(900009901,12302110501069,'T'),
(900009901,12302110501070,'T'),
(900009901,12302110501071,'T'),
(900009901,12302110501072,'T'),
(900009901,12302110501073,'T'),
(900009901,12302110501074,'T'),
(900009901,12302110501075,'T'),
(900009901,12302110501076,'T'),
(900009901,12302110501077,'T'),
(900009901,12302110501078,'T'),
(900009901,12302110501079,'T'),
(900009901,12302110501080,'T'),
(900009901,12302110501081,'T'),
(900009901,12302110501082,'T'),
(900009901,12302110501083,'T'),
(900009901,12302110501084,'T'),
(900009901,12302110501085,'T'),
(900009901,12302110501086,'T'),
(900009901,12302110501087,'T'),
(202180301,12302110501001,'T'),
(202180301,12302110501002,'T'),
(202180301,12302110501013,'T'),
(202180301,12302110501014,'T'),
(202180301,12302110501037,'T'),
(202180301,12302110501043,'T'),
(202180301,12302110501047,'T'),
(202180301,12302110501051,'T'),
(202180301,12302110501055,'T'),
(202180301,12302110501063,'T'),
(202180301,12302110501072,'T'),
(202180301,12302110501075,'T'),
(202180301,12302110501001,'P'),
(202180301,12302110501002,'P'),
(202180301,12302110501013,'P'),
(202180301,12302110501014,'P'),
(202180301,12302110501037,'P'),
(202180301,12302110501043,'P'),
(202180301,12302110501047,'P'),
(202180301,12302110501051,'P'),
(202180301,12302110501055,'P'),
(202180301,12302110501063,'P'),
(202180301,12302110501072,'P'),
(202180301,12302110501075,'P'),
(000000001,12302110501007,'T'),
(000000001,12302110501021,'T'),
(000000001,12302110501025,'T'),
(000000001,12302110501027,'T'),
(000000001,12302110501028,'T'),
(000000001,12302110501030,'T'),
(000000001,12302110501032,'T'),
(000000001,12302110501039,'T'),
(000000001,12302110501058,'T'),
(000000001,12302110501068,'T'),
(000000001,12302110501007,'P'),
(000000001,12302110501021,'P'),
(000000001,12302110501025,'P'),
(000000001,12302110501027,'P'),
(000000001,12302110501028,'P'),
(000000001,12302110501030,'P'),
(000000001,12302110501032,'P'),
(000000001,12302110501039,'P'),
(000000001,12302110501058,'P'),
(000000001,12302110501068,'P');

UPDATE attendance
SET Attendance = ROUND(RAND() * 100,2)
WHERE Attendance IS NULL;


ALTER TABLE Students
	ADD CONSTRAINT
	stu_batch FOREIGN KEY (Batch) REFERENCES Batches(Batch_Id) ON UPDATE CASCADE ON DELETE CASCADE;

ALTER TABLE Students
	ADD CONSTRAINT
	stu_branch FOREIGN KEY (Branch) REFERENCES Branches(ID) ON UPDATE CASCADE ON DELETE CASCADE;

ALTER TABLE Batches
	ADD CONSTRAINT
	bat_branch FOREIGN KEY (Branch) REFERENCES Branches(ID) ON UPDATE CASCADE ON DELETE CASCADE;

ALTER TABLE Faculty
    ADD CONSTRAINT
    fac_branch FOREIGN KEY (Branch_Id) REFERENCES Branches(ID) ON UPDATE CASCADE ON DELETE CASCADE;

ALTER TABLE Faculty_Subject 
	ADD CONSTRAINT
	fac_sub_subject FOREIGN KEY (Subject_Id) REFERENCES Subjects(Subject_Id) ON UPDATE CASCADE ON DELETE CASCADE;

ALTER TABLE Faculty_Subject 
	ADD CONSTRAINT
	fac_sub_batch FOREIGN KEY (Batch) REFERENCES Batches(Batch_Id) ON UPDATE CASCADE ON DELETE CASCADE;

ALTER TABLE Faculty_Subject 
	ADD CONSTRAINT
	fac_sub_faculty FOREIGN KEY (Faculty_Id) REFERENCES Faculty(Faculty_Id) ON UPDATE CASCADE ON DELETE CASCADE;

ALTER TABLE Faculty_Subject 
	ADD CONSTRAINT
	fac_sub_subject_type FOREIGN KEY (Type) REFERENCES Subject_Type(Type_Id) ON UPDATE CASCADE ON DELETE CASCADE;

ALTER TABLE Results
	ADD CONSTRAINT
	res_stu FOREIGN KEY (Enrollment_Id) REFERENCES Students(Enrollment_Id) ON UPDATE CASCADE ON DELETE CASCADE;

ALTER TABLE Results
	ADD CONSTRAINT
	res_sub FOREIGN KEY (Subject_Id) REFERENCES Subjects(Subject_Id) ON UPDATE CASCADE ON DELETE CASCADE;

ALTER TABLE Attendance
	ADD CONSTRAINT
	a_stu FOREIGN KEY (Enrollment_Id) REFERENCES Students(Enrollment_Id) ON UPDATE CASCADE ON DELETE CASCADE;

ALTER TABLE Attendance
	ADD CONSTRAINT
	a_sub FOREIGN KEY (Subject_Id) REFERENCES Subjects(Subject_Id) ON UPDATE CASCADE ON DELETE CASCADE;

ALTER TABLE Attendance 
	ADD CONSTRAINT
	a_subject_type FOREIGN KEY (Type) REFERENCES Subject_Type(Type_Id) ON UPDATE CASCADE ON DELETE CASCADE;

COMMIT;